name,uses,action
pepper,141,create
black pepper,134,create
flour,74,create
white granulated sugar,56,create
all-purpose flour,54,create
paprika,51,create
vanilla extract,50,create
baking powder,49,create
of garlic,47,create
cinnamon,45,create
½ teaspoon salt,45,create
cumin,44,create
parsley,43,create
½ tsp salt,39,create
thyme,37,create
cayenne pepper,37,create
unsalted butter,31,create
oregano,26,create
brown sugar,25,create
garlic cloves,25,create
beef,24,create
garlic powder,23,create
bay leaves,23,create
rosemary,22,create
granulated sugar,22,create
green bell pepper,21,create
of salt,21,create
egg yolks,19,create
worcestershire sauce,19,create
kosher salt,19,create
½ cup butter,18,create
&frac12,16,create
extra-virgin olive oil,16,create
½ onion,16,create
crayfish,15,create
½ cup water,15,create
dijon mustard,15,create
¼ teaspoon salt,15,create
chili powder,15,create
white sugar,14,create
smoked paprika,14,create
turmeric,14,create
¼ cup unsalted butter,14,create
mayonnaise,14,create
cornmeal,14,create
egg whites,13,create
red bell pepper,13,create
basil,13,create
cloves,13,create
curry powder,13,create
½ teaspoon cinnamon,13,create
parmesan cheese,12,create
powdered sugar,12,create
heavy cream,12,create
bananas,12,create
cornstarch,12,create
wheat flour,12,create
red onion,12,create
parsley or cilantro,12,create
lemons,11,create
¼ tsp salt,11,create
chicken broth,11,create
sour cream,11,create
caster sugar,11,create
¼ cup milk,11,create
apples,11,create
½ tsp black pepper,11,create
¼ cup white granulated sugar,11,create
mint,10,create
butter or margarine,10,create
palm oil,10,create
½ teaspoon coriander,10,create
¼ teaspoon black pepper,10,create
½ cup white granulated sugar,10,create
bacon,10,create
melted butter,10,create
cream cheese,10,create
black beans,10,create
½ cup milk,10,create
tomato sauce,10,create
½ teaspoon cayenne pepper,10,create
squeezed lemon juice,10,create
carbonated water,10,create
meat,9,create
½ teaspoon cumin,9,create
½ cup flour,9,create
ketchup,9,create
cilantro or parsley,9,create
¼ cup olive oil,9,create
stalks celery,9,create
chocolate chips,9,create
margarine,9,create
¼ cup butter,9,create
bell peppers,8,create
cocoa powder,8,create
½ teaspoon baking powder,8,create
¼ teaspoon baking soda,8,create
peanut butter,8,create
&frac14,8,create
chile powder,8,create
yellow onion,8,create
icing sugar,8,create
long-grain rice,8,create
¼ cup water,8,create
cream,8,create
¼ cup parsley,8,create
oil for deep frying,7,create
salt and pepper,7,create
plain flour,7,create
of butter,7,create
rolled oats,7,create
shallots,7,create
ice cubes,7,create
warm water,7,create
chickpeas,7,create
red chile powder,7,create
berbere spice blend,7,create
½ cup brown sugar,7,create
½ cup raisins,7,create
white pepper,7,create
pork,7,create
barbecue rub,7,create
shredded cooked chicken,7,create
cheddar cheese,7,create
standard eggs,7,create
lemon zest,7,create
nuts,7,create
¼ cup vegetable oil,7,create
white vinegar,7,create
red wine,7,create
lettuce,7,create
scallions,7,create
½ cup mayonnaise,7,create
molasses,7,create
½ cup onion,6,create
hard boiled eggs,6,create
chicken pieces,6,create
golden syrup,6,create
self-raising flour,6,create
¾ cup buttermilk,6,create
vegetable oil for brushing griddle,6,create
chicken stock,6,create
oranges,6,create
cider vinegar,6,create
chiles,6,create
boneless skinless chicken breasts,6,create
uncooked rice,6,create
¼ teaspoon cayenne pepper,6,create
ricotta cheese,6,create
½ cup unsalted butter,6,create
canola oil,6,create
red wine vinegar,6,create
½ teaspoon black pepper,6,create
¼ tsp pepper,6,create
½ cup olive oil,6,create
egg yolk,6,create
dark rum,6,create
dry mustard,6,create
green onions,6,create
stick butter,6,create
peaches,6,create
celery,6,create
vegetable oil for frying,6,create
hamburger buns,6,create
½ tsp baking soda,6,create
½ cup white sugar,6,create
cooking oil,6,create
boneless,6,create
garlic clove,5,create
hot water,5,create
evaporated milk,5,create
onion powder,5,create
whipped cream,5,create
bouquet garni,5,create
¾ cup olive oil,5,create
celery stalks,5,create
superfine sugar,5,create
instant yeast,5,create
basil leaves,5,create
¾ cup white granulated sugar,5,create
½ cup granulated sugar,5,create
dark brown sugar,5,create
stalk celery,5,create
¾ cup brown sugar,5,create
shallot,5,create
marjoram,5,create
¼ cup honey,5,create
stock cube,5,create
ice,5,create
beef or lamb,5,create
½ teaspoon baking soda,5,create
breadcrumbs,5,create
cinnamon sticks,5,create
maraschino cherries,5,create
¼ cup worcestershire sauce,5,create
beef broth,5,create
¼ cup oil,5,create
tomato purée,5,create
strips bacon,5,create
green beans,5,create
peppercorns,5,create
lukewarm water,5,create
butter or olive oil,5,create
hot sauce,5,create
mustard,5,create
¼ cup extra-virgin olive oil,5,create
sweet potatoes,5,create
okra,5,create
chives,5,create
chicken breasts,5,create
vegetable broth or water,5,create
½ teaspoon turmeric,5,create
mg caffeine,5,create
shrimp,5,create
½ teaspoon paprika,5,create
bread crumbs,4,create
–3 eggs,4,create
¼ cup soy sauce,4,create
garlic salt,4,create
of black pepper,4,create
⅛ teaspoon salt,4,create
salt or,4,create
italian seasoning,4,create
habanero pepper,4,create
cold water,4,create
oil for frying,4,create
½ cup extra-virgin olive oil,4,create
desiccated coconut,4,create
bicarbonate of soda,4,create
boiling water,4,create
russet potatoes,4,create
¾ cup water,4,create
cloves garlic,4,create
½ tsp nutmeg,4,create
ea. chicken,4,create
sweet paprika,4,create
½ cup all-purpose flour,4,create
½ teaspoon nutmeg,4,create
capers,4,create
½ tsp cinnamon,4,create
½ cup soy sauce,4,create
green onion,4,create
of sugar,4,create
standard egg,4,create
lemon pepper,4,create
slab pork spareribs,4,create
½ cup molasses,4,create
¼ teaspoon turmeric powder,4,create
dry white wine,4,create
red pepper flakes,4,create
¼ cup balsamic vinegar,4,create
all-purpose bleached flour,4,create
–3 tomatoes,4,create
balsamic vinegar,4,create
¼ tsp - black pepper,4,create
flat-leaf parsley,4,create
ea. eggs,4,create
vanilla ice cream,4,create
sized onion,4,create
hoisin sauce,4,create
½ cup heavy cream,4,create
chuck,4,create
¼ cup parmesan cheese,4,create
¼ teaspoon thyme,4,create
hard-boiled eggs,4,create
brandy,4,create
½ tsp - black pepper,4,create
quarts water,4,create
beef stock,4,create
½ cup butter or margarine,4,create
cooking spray,4,create
sticks butter,4,create
½ lemon,4,create
juice of ½ lemon,4,create
allspice,4,create
bean sprouts,4,create
strawberries,4,create
light soy sauce,4,create
cooked chicken,4,create
½ cup celery,4,create
red pepper,4,create
¼ teaspoon turmeric,4,create
pure vanilla extract,4,create
¼ cup shortening,4,create
¼ cup mint,4,create
feta cheese,3,create
½ cup sour cream,3,create
of cumin,3,create
ea. broiler/fryer chicken,3,create
½ cup cream cheese,3,create
sticks unsalted butter,3,create
tabasco sauce,3,create
apple cider vinegar,3,create
¼ cup palm oil,3,create
stock cubes,3,create
banana leaves,3,create
of water,3,create
½ tsp baking powder,3,create
chile pepper,3,create
½ tsp oregano,3,create
red chile flakes,3,create
white potatoes,3,create
¼ cup flour,3,create
½ cup apples,3,create
apricots,3,create
¼ cup -squeezed lemon juice,3,create
cornbread,3,create
curry paste,3,create
¼ cup cilantro,3,create
½ teaspoon allspice,3,create
powdered cinnamon,3,create
red bell peppers,3,create
beer,3,create
spices,3,create
kidney beans,3,create
mixed herbs,3,create
hickory chunks,3,create
seasoning cubes,3,create
green bell peppers,3,create
lemon wedges,3,create
¾ cup granulated sugar,3,create
coffee liqueur,3,create
extra virgin olive oil,3,create
prime rib seasoning,3,create
almond flour,3,create
lean beef,3,create
stalks of celery,3,create
red kidney beans,3,create
½ teaspoon garlic powder,3,create
green chile peppers,3,create
parmesan,3,create
peanut oil,3,create
chile flakes,3,create
¼ teaspoon cardamom,3,create
⅓ cup white granulated sugar,3,create
¾ cup milk,3,create
½ cup vinegar,3,create
cajun seasoning,3,create
¼ cup cream,3,create
¼ cup vinegar,3,create
oil for deep-frying,3,create
crumbled cornbread,3,create
cooked bacon,3,create
of bread,3,create
sea salt,3,create
⅓ cup brown sugar,3,create
shortening,3,create
½ cup margarine,3,create
½ teaspoon pepper,3,create
chicken wingettes,3,create
poultry shake,3,create
dark soy sauce,3,create
fish sauce,3,create
self-rising flour,3,create
cocoa,3,create
–5 cloves garlic,3,create
herbs,3,create
tarragon,3,create
vanilla essence,3,create
pepper jack cheese,3,create
limes,3,create
shredded cheese,3,create
coarse salt,3,create
¼ cup heavy cream,3,create
white wine,3,create
juniper berries,3,create
⅔ cup milk,3,create
oyster sauce,3,create
water or broth for cooking,3,create
montreal steak seasoning,3,create
boneless chicken breast,3,create
red chiles,3,create
pasta,3,create
spaghetti,3,create
hot pepper,3,create
cloves of garlic,3,create
parsnips,3,create
¼ cup cider vinegar,3,create
squeezed lime juice,3,create
chickpea flour,3,create
semisweet chocolate,3,create
semisweet chocolate chips,3,create
beef chuck,3,create
orange zest,3,create
green chili,3,create
¼ tsp black pepper,3,create
⅛ teaspoon cloves,3,create
prepared mustard,3,create
nigella seeds,3,create
½ ea. lemon,3,create
qt water,3,create
drops nutmeg oil,3,create
drops orange oil,3,create
drops lemon oil,3,create
¼ cup sugar,3,create
stick unsalted butter,3,create
white beans,3,create
¼ cup lemon juice,3,create
eggplants,3,create
juice of 1 lemon,3,create
plantain,3,create
&#189,3,create
½ cup oil,2,skip
figs,2,skip
½ cup green onions,2,skip
powdered ginger,2,skip
sweetener,2,skip
–2 bay leaves,2,skip
¾ cup mayonnaise,2,skip
½ cup of single cream,2,skip
dash of sweet sherry,2,skip
¼ cup country roast chicken seasoning,2,skip
of olive oil,2,skip
black olives,2,skip
orange marmalade,2,skip
honey or sugar,2,skip
smoke- catfish,2,skip
cassava,2,skip
size onions,2,skip
butter or vegetable oil,2,skip
utazi leaves,2,skip
garden eggs,2,skip
uncooked white rice,2,skip
vegetables,2,skip
¾ cup flour,2,skip
½ cup packed brown sugar,2,skip
distilled white vinegar,2,skip
riesling wine,2,skip
½ cup cream,2,skip
white mushrooms,2,skip
white wine vinegar,2,skip
lemon rind,2,skip
dash pepper,2,skip
orange blossom water,2,skip
ea. standard eggs,2,skip
¾ cup all-purpose flour,2,skip
semolina,2,skip
vegetable or olive oil,2,skip
almond oil,2,skip
can tomatoes,2,skip
½ cup,2,skip
½ tsp garlic powder,2,skip
zest of 1 lemon,2,skip
½ tsp allspice,2,skip
white all-purpose flour,2,skip
slabs st. louis style/cut pork spareribs,2,skip
mirin,2,skip
½ cup chop rub,2,skip
thick-cut bone-in pork rib chops,2,skip
grill seasoning for chops,2,skip
½ cup apple jelly,2,skip
boneless pork loin roast,2,skip
ea. boneless duck breasts,2,skip
quarts peanut or canola oil,2,skip
rice wine vinegar,2,skip
long-grain white rice,2,skip
chili,2,skip
leaf gelatine,2,skip
½ cup almonds,2,skip
⅓ cup all-purpose flour,2,skip
water or stock,2,skip
beef consommé,2,skip
plain yoghurt,2,skip
½ pound bacon,2,skip
¼ teaspoon pepper,2,skip
hard cheese,2,skip
½ cup breadcrumbs,2,skip
salad,2,skip
¼ cup apple cider vinegar,2,skip
sheet puff pastry,2,skip
tin tomatoes,2,skip
sized onions,2,skip
assorted meat,2,skip
palm sugar,2,skip
double cream,2,skip
leeks,2,skip
&frac13,2,skip
whipping cream,2,skip
quart milk,2,skip
¼ cup cooking oil,2,skip
mozzarella,2,skip
tilapia,2,skip
–2 cloves garlic,2,skip
ea. ½-inch slices white bread,2,skip
⅛ tsp cream of tartar,2,skip
½ cup mozzarella cheese,2,skip
of thyme,2,skip
scoop vanilla ice cream,2,skip
instant coffee powder,2,skip
½ banana,2,skip
½ teaspoon vanilla extract,2,skip
phyllo dough,2,skip
pork stock,2,skip
¾ cup oil,2,skip
¼ cup brown sugar,2,skip
paprika powder,2,skip
¾ cup cider vinegar,2,skip
fruit,2,skip
ice cream,2,skip
mesquite chunks,2,skip
¼ cup blackstrap molasses,2,skip
barbecue sauce,2,skip
sirloin,2,skip
½ red bell pepper,2,skip
panch puran,2,skip
vegetable broth,2,skip
of beer,2,skip
¾ tsp salt,2,skip
½ cup onions,2,skip
oat flakes,2,skip
semolina flour,2,skip
savory,2,skip
red or yellow bell pepper,2,skip
–3 carrots,2,skip
can of tomato paste,2,skip
½ tsp cayenne pepper,2,skip
⅓ cup olive oil,2,skip
–10 cloves garlic,2,skip
white onion,2,skip
kernel corn,2,skip
refried beans,2,skip
beets,2,skip
½ carrot,2,skip
beef stock cubes,2,skip
big onion,2,skip
chicken or vegetable broth,2,skip
water or broth,2,skip
red chile peppers,2,skip
of milk,2,skip
egg white,2,skip
cream of tartar,2,skip
½ head garlic,2,skip
blackberries,2,skip
bison meat,2,skip
ginger root,2,skip
steamed white rice,2,skip
½ cup cilantro,2,skip
–3 cloves garlic,2,skip
top sirloin steak,2,skip
celery stalk,2,skip
fennel bulb,2,skip
¼ cup dry white wine,2,skip
¼ teaspoon cinnamon,2,skip
yeast,2,skip
cold butter,2,skip
¾ cup sour cream,2,skip
caraway seeds,2,skip
pork belly,2,skip
seasoning,2,skip
–2 tablespoons butter,2,skip
red-skinned potatoes,2,skip
–3 teaspoons sugar,2,skip
spoons of lemon juice,2,skip
–2 garlic cloves,2,skip
of cinnamon powder,2,skip
cocoyam,2,skip
½ ea. onion,2,skip
cooked brown rice,2,skip
button mushrooms,2,skip
beef bouillon cubes,2,skip
½ cup uncooked rice,2,skip
bag semi-sweet chocolate chips,2,skip
packed brown sugar,2,skip
unsweetened chocolate,2,skip
½ cup slivered almonds,2,skip
raspberries,2,skip
pine nuts,2,skip
red chillis,2,skip
sweet glutinous rice flour,2,skip
orange peel,2,skip
head romaine lettuce,2,skip
of spring onions,2,skip
granny smith apples,2,skip
crabs,2,skip
bittersweet chocolate,2,skip
granulated white sugar,2,skip
¼ cup white sugar,2,skip
xanthan gum,2,skip
active dry yeast,2,skip
ea. carrots,2,skip
corn tortillas,2,skip
handful of parsley,2,skip
½ cup dark brown sugar,2,skip
⅓ cup granulated sugar,2,skip
chinese five-spice powder,2,skip
vegetable stock,2,skip
corn syrup,2,skip
salt and black pepper,2,skip
sage,2,skip
package cream cheese,2,skip
½ cup cheddar cheese,2,skip
corn meal,2,skip
puffed rice cereal,2,skip
ricotta or cottage cheese,2,skip
¾ cup mascarpone cheese,2,skip
steak rub,2,skip
of your favorite cheese,2,skip
¼ cup cream cheese,2,skip
cherry tomatoes,2,skip
½ cup dark rum,2,skip
monterey jack cheese,2,skip
quart chicken,2,skip
¼ cup all-purpose flour,2,skip
shredded cheddar cheese,2,skip
groundnuts,2,skip
cardamom pods,2,skip
cream of mushroom soup,2,skip
½ cup parmesan cheese,2,skip
skim milk,2,skip
stick margarine,2,skip
boneless chicken breasts,2,skip
¼ teaspoon oregano,2,skip
bone-in chicken thighs,2,skip
frozen corn,2,skip
frozen peas,2,skip
–4 cups water,2,skip
oso sweet onions,2,skip
frozen corn kernels,2,skip
shredded monterey jack cheese,2,skip
scallion,2,skip
¼ cup chicken broth,2,skip
hot pepper sauce,2,skip
walnut oil,2,skip
–8 green chiles,2,skip
chicken thighs,2,skip
dill,2,skip
broccoli florets,2,skip
parsley flakes,2,skip
chilli powder,2,skip
corn kernels,2,skip
¾ cup walnuts,2,skip
mustard seed oil,2,skip
single cream,2,skip
white bread,2,skip
bottle ketchup,2,skip
chipotle bbq rub,2,skip
¼ cup molasses,2,skip
chipotles in adobo sauce,2,skip
¼ cup adobo sauce,2,skip
¼ cup mayonnaise,2,skip
chipotle chiles in adobo,2,skip
tortilla chips,2,skip
gram flour,2,skip
pinto beans,2,skip
cumin seed,2,skip
coriander seed,2,skip
½ cup margarine or butter,2,skip
½ cup nuts,2,skip
½ cup vegetable oil,2,skip
confectioners' sugar,2,skip
¾ teaspoon salt,2,skip
sifted confectioner's sugar,2,skip
plain chocolate,2,skip
leaves of lettuce,2,skip
¼ cup granulated sugar,2,skip
½ cup maple syrup,2,skip
¼ teaspoon vanilla extract,2,skip
dark chocolate,2,skip
shredded coconut,2,skip
strips of bacon,2,skip
mussels,2,skip
scallops,2,skip
day-old french bread,2,skip
habanero chiles,2,skip
½ cup white vinegar,2,skip
½ cup red wine,2,skip
¼ teaspoon cloves,2,skip
avocados,2,skip
sifted all-purpose flour,2,skip
½ teaspoon oregano,2,skip
honeycrisp apples,2,skip
boiled potatoes,2,skip
½ tsp fenugreek seeds,2,skip
⅓ cup flour,2,skip
suet,2,skip
½ ea. orange,2,skip
beef stew meat,2,skip
¼ tsp - cumin,2,skip
sized potatoes,2,skip
½ tsp powdered cinnamon,2,skip
strained lime juice,2,skip
broth,2,skip
–10 curry leaves,2,skip
drop coriander oil,2,skip
drops cinnamon oil,2,skip
⅔ cup water,2,skip
fl oz white sugar,2,skip
½ in. wide strip of lemon peel cut around the fruit's circumference,2,skip
orange juice,2,skip
crab meat,2,skip
chicken bouillon cubes,2,skip
lard,2,skip
fine breadcrumbs,2,skip
toast,2,skip
mixed spice,2,skip
stew beef,2,skip
panko breadcrumbs,2,skip
sized cucumber,2,skip
¼ teaspoon nutmeg,2,skip
fat for deep frying,2,skip
hot oil,2,skip
½ cup sugar,2,skip
fenugreek seeds,2,skip
oil to fry,2,skip
cooked green beans,2,skip
dry applewood chunks,2,skip
stock,2,skip
red beans,2,skip
ginger-garlic paste,2,skip
pods cardamom,2,skip
clove garlic,2,skip
½ tsp tarragon,2,skip
leaves,2,skip
–5 tomatoes,2,skip
okra pods,2,skip
¼ cup dill,2,skip
cocoyam leaves,2,skip
groundnut oil,2,skip
¼ teaspoon ginger,2,skip
½ cup white wine,2,skip
sized tomatoes,2,skip
mozzarella balls,2,skip
brewed coffee,2,skip
bacon fat,2,skip
bacon slices,2,skip
mustard powder,2,skip
½ teaspoon lemon juice,2,skip
mandarin oranges,2,skip
red tomatoes,2,skip
plums,2,skip
pita bread,2,skip
saffron,2,skip
pumpkin or squash,2,skip
niter kibbeh,2,skip
peach nectar,2,skip
inch piece ginger,2,skip
¾ cup honey,2,skip
hardwood of grape vine or hickory wood,2,skip
stale bread,1,skip
oil or melted butter,1,skip
shelled walnuts,1,skip
¼ lb butter,1,skip
–3 lbs of veal or chicken meat,1,skip
lbs of various vegetables,1,skip
filo pastry leaves,1,skip
chicken or other meat,1,skip
oil to fry with,1,skip
fl oz hot water,1,skip
–5 measures of loose tea leaves or 3–5 tea bags,1,skip
milk or lemon juice,1,skip
–6 oz soft tofu,1,skip
potato starch or corn starch,1,skip
powder,1,skip
white granulated,1,skip
½ tsp,1,skip
–8 chicken pieces,1,skip
⅓ cup vinegar made from coconut juice,1,skip
½ tsp cracked black peppercorns,1,skip
wide egg noodles,1,skip
package mushrooms,1,skip
package prepared beef tips with gravy,1,skip
¼ cup skim milk,1,skip
condensed cream of mushroom soup,1,skip
bottled garlic,1,skip
¼ teaspoon mild or hot paprika,1,skip
¼ cup - parsley,1,skip
chipotle peppers or smoked,1,skip
⅓ cup apple cider vinegar,1,skip
¼ cup ketchup,1,skip
of agnolotti or other ravioli-type pasta,1,skip
½ litre of chicken broth or ½ litre of water and 2 good-quality chicken stock cubes,1,skip
handful of flat-leaf parsley,1,skip
½ tsp cream of tartar,1,skip
citric acid,1,skip
½ bunch thyme,1,skip
½ bunch flat-leaf parsley,1,skip
½ pound elbow macaroni,1,skip
½ tsp kosher salt,1,skip
½ cup fontina,1,skip
½ cup gruyere,1,skip
½ cup mascarpone cheese,1,skip
thin slices swiss cheese,1,skip
hot yellow south american chilis : adjust quantity for individual taste,1,skip
chicken stock cube,1,skip
¼ loaf of bread,1,skip
of pecans,1,skip
of evaporated milk,1,skip
boiled rice,1,skip
salmon fillets,1,skip
of shelled acorns,1,skip
acorn squash,1,skip
quart mayonnaise,1,skip
½ cup corn syrup,1,skip
¼ tablespoon cayenne pepper,1,skip
prepared horseradish,1,skip
akamu paste,1,skip
ogi water,1,skip
or lemongrass leaves,1,skip
lemons or oranges,1,skip
african star apple,1,skip
pigeon peas,1,skip
ager leaves,1,skip
nune,1,skip
maggi cube,1,skip
tuber of cassava,1,skip
–2 teaspoons salt,1,skip
½ cup coconut pieces,1,skip
¼ cup palm kernel,1,skip
¼ cup roasted groundnuts,1,skip
½ teaspoon chile pepper,1,skip
or more of salt,1,skip
a good amount of vegetable oil,1,skip
avocado oil,1,skip
size garlic,1,skip
size stalks celery,1,skip
size cabbage,1,skip
size potatoes,1,skip
size carrots,1,skip
chicken bouillon cube,1,skip
–2 cups water,1,skip
handfuls abacha,1,skip
ugba,1,skip
cl red palm oil,1,skip
powdered edible potash,1,skip
ehu seeds,1,skip
ogiri,1,skip
other meat and vegetables for the abacha,1,skip
ponmo/kanda,1,skip
garden egg leaves,1,skip
sago pearls,1,skip
coconut meat,1,skip
½ tsp green food coloring,1,skip
ea. 2 cm pieces of pandan leaf,1,skip
zucchinis,1,skip
of seasoned salt,1,skip
corn starch,1,skip
white or brown sugar,1,skip
rolled or instant oats,1,skip
desiccated coconut flakes,1,skip
white rice,1,skip
water for soaking rice,1,skip
½ teaspoon yeast or kefir,1,skip
roasted cashews,1,skip
of mandarin oranges,1,skip
of pineapple,1,skip
of grapes,1,skip
–8 cups miniature marshmallows,1,skip
½ cup dry white wine,1,skip
shucked oysters,1,skip
lean bacon,1,skip
¾ cup butter or margarine,1,skip
⅓ cup milk,1,skip
½ tsp almond extract or ½ cup almonds,1,skip
½ pound parmigiano reggiano cheese,1,skip
fettuccine egg noodles,1,skip
almond essence,1,skip
approx. &frac34,1,skip
icing sugar to dredge,1,skip
sifted flour,1,skip
almond toffee,1,skip
cured anchovy fillets,1,skip
flat-leaf curly parsley,1,skip
⅛ teaspoon - black pepper,1,skip
bleached all-purpose flour,1,skip
almond extract,1,skip
plus ½ teaspoon salt,1,skip
rib of celery,1,skip
¾ teaspoon celery seed,1,skip
¾ teaspoon powdered mustard,1,skip
parsley leaves,1,skip
sweet pickle relish,1,skip
soft bread crumbs,1,skip
¼ cup butter or margarine,1,skip
bottle red wine,1,skip
filet of pike,1,skip
filet of carp,1,skip
½ lb eel,1,skip
filet of perch,1,skip
heads and tails of the above fish to make a broth,1,skip
croutons,1,skip
grelot onions,1,skip
dulce de leche,1,skip
½ cup blackstrap molasses,1,skip
¾ cup apple jelly,1,skip
¾ cup apple cider vinegar,1,skip
chipotle-based hot sauce,1,skip
pure water,1,skip
of green tea,1,skip
of mint leaves,1,skip
sugar cubes,1,skip
–6 lemons,1,skip
slices of lemon,1,skip
almond flour or - almonds,1,skip
almond meal,1,skip
½ cup plain flour,1,skip
table salt,1,skip
rougag,1,skip
mango powder,1,skip
½ stick unsalted sweet cream butter,1,skip
⅓ cup red onion,1,skip
½ tsp red pepper flakes,1,skip
unsalted tomatoes,1,skip
½ head of garlic,1,skip
to onions,1,skip
yellow bell pepper,1,skip
can plus 1 can tomatoes,1,skip
parmigiano-reggiano,1,skip
beef broth or water,1,skip
sweet basil leaves,1,skip
½ cup -squeezed lemon juice,1,skip
pasta seasoning,1,skip
parmesan cheese or asiago cheese,1,skip
of - nutmeg,1,skip
½ pound blanched almonds,1,skip
¾ pound white granulated sugar,1,skip
–3 spoonfuls rosewater,1,skip
grain musk,1,skip
grain ambergris,1,skip
fine lemon zest,1,skip
mozzarella roll,1,skip
panko,1,skip
+ 20 g parmigiano reggiano,1,skip
canola or olive oil in a sprayer,1,skip
jar pasta sauce,1,skip
¾ cup pearl tapioca or ½ cup minute tapioca,1,skip
tart apples,1,skip
saffron threads or 1 teaspoon food coloring for yellow rice,1,skip
or long-grain rice,1,skip
canned peas,1,skip
young chickens weighing 1.2 kg,1,skip
red onions,1,skip
cardamom seeds,1,skip
mm piece cinnamon stick,1,skip
mm ginger,1,skip
smoked ham or bacon,1,skip
–60 g suet from ox kidneys,1,skip
some garlic,1,skip
some cinnamon,1,skip
–3 cloves,1,skip
grind nutmeg,1,skip
head of pickled cabbage or white of grape leaves,1,skip
smoked pork,1,skip
smoked ham or tongue,1,skip
broth or water,1,skip
and cored baking apples,1,skip
½ cup rolled oats,1,skip
¾ teaspoon cinnamon,1,skip
⅓ cup cold butter or cold margarine,1,skip
⅔–¾ cup brown sugar,1,skip
broccoli flowerets,1,skip
½ cup pea pods,1,skip
torn mixed greens,1,skip
nappa cabbage,1,skip
½ cup julienned carrots,1,skip
package grilled chicken breast,1,skip
¾ cups salad dressing,1,skip
sesame crackers,1,skip
walnuts or hickory nuts,1,skip
quarts warm water,1,skip
½ yeast cake,1,skip
golden delicious apples,1,skip
yellow prepared mustard,1,skip
crumbly,1,skip
add 2 cups apples,1,skip
maltese galletti,1,skip
olives,1,skip
anchovy paste,1,skip
dry hickory chunks,1,skip
¼ cup hoisin sauce,1,skip
½ cup sake,1,skip
bone-in cooked city ham,1,skip
¾ cup cola,1,skip
pork belly from the loin end,1,skip
gallon apple cider,1,skip
gallon iced water,1,skip
applewood chunks,1,skip
½ cup apple cider,1,skip
dark honey,1,skip
apple stuffing,1,skip
a heat-proof towel tied with twine and soaked with oil,1,skip
¼ cup walnuts,1,skip
¼ cup shredded fontina cheese,1,skip
¼ cup apple stuffing,1,skip
½ tbsp red pepper flake,1,skip
star anise pod,1,skip
½ cup canned mandarin orange wedges in syrup,1,skip
chile paste,1,skip
and apple,1,skip
⅛ tsp kosher salt,1,skip
⅓ cup soy sauce,1,skip
red pepper flake,1,skip
ea. wild salmon fillets with skin,1,skip
parsnip,1,skip
soup mix,1,skip
–7 tomatoes,1,skip
½ teaspoon sugar or honey,1,skip
vegetable oil or coconut oil,1,skip
seasoning cube,1,skip
mixed vegetables –,1,skip
strained plain yogurt,1,skip
hot paprika,1,skip
ashwe leaves,1,skip
½ us pint water,1,skip
½ teaspoon cloves,1,skip
unsweetened applesauce,1,skip
split yellow moong dal,1,skip
¼ teaspoon cardamom powder,1,skip
broken cashews,1,skip
red food colouring in 1 teaspoon water,1,skip
wheat flour or sorghum flour,1,skip
honey or dates,1,skip
cinnamon or cardamom,1,skip
clarified butter or vegetable oil,1,skip
¼ cup melted margarine or butter,1,skip
⅓ cup water,1,skip
¼ pound butter,1,skip
¾ cup rolled oats,1,skip
¼ tsp nutmeg,1,skip
additional rolled oats,1,skip
ice cream or whipped cream,1,skip
scotch bonnet chile peppers,1,skip
½ cup palm oil or vegetable oil,1,skip
–3 seasoning cubes,1,skip
protein,1,skip
leafy vegetables such as spinach or ugu,1,skip
baking cocoa,1,skip
instant espresso powder,1,skip
or 1 part half and half,1,skip
or 1 part heavy cream,1,skip
or 1 part water,1,skip
scoops or 1 part atkins chocolate shake mix,1,skip
or 1/24 part stevia extract or other sugar replacement,1,skip
roast or other cut of beef,1,skip
beef bouillon cube,1,skip
french onion soup,1,skip
french/sandwich/hoagie rolls,1,skip
ea. eggplant,1,skip
–6 green chillies,1,skip
paneer or yoghurt,1,skip
pequin chiles,1,skip
mustard seed,1,skip
slices of cooked bacon,1,skip
of american cheese,1,skip
ea. - eggplant,1,skip
raw tahini,1,skip
juice of 1 lime or lemon,1,skip
paprika or cayenne pepper,1,skip
thick asparagus spears,1,skip
¼–1 cup whipping or light cream,1,skip
quart vegetable oil for frying,1,skip
teriyaki glaze,1,skip
of scallops,1,skip
½ loaf white bread,1,skip
cubed cooked ham,1,skip
dash hot pepper sauce,1,skip
of asparagus,1,skip
basil or 1 teaspoon basil,1,skip
navy,1,skip
¾ cup molasses,1,skip
–32 asparagus spears,1,skip
sesame seed oil,1,skip
sesame seed,1,skip
¾ cups celery,1,skip
⅓ cup mayonnaise,1,skip
of oil,1,skip
deciliter of chicken broth,1,skip
of sherry,1,skip
of tomato mash,1,skip
stale french or italian bread,1,skip
¼ cup - onion,1,skip
½–1 bunch broad-leaf parsley,1,skip
curd cheese,1,skip
–4 tablespoons semolina flour,1,skip
at least 5 tablespoons all-purpose flour,1,skip
cubes of sugar,1,skip
shortcrust pastry,1,skip
streaky bacon,1,skip
milk or beaten egg to glaze,1,skip
or more slices of bagel with sesame seeds,1,skip
brindsah cheese,1,skip
green olives,1,skip
thousand island dressing,1,skip
bread roll,1,skip
mixed pork and beef,1,skip
consommé or vegetable broth,1,skip
mashed potatoes,1,skip
caramelized onion rings,1,skip
boneless skinless chicken breasts and drumsticks,1,skip
block brie cheese,1,skip
tin beans in brine,1,skip
tin mackerel fillets in tomato sauce,1,skip
anything else,1,skip
head of green cabbage,1,skip
–3 avocados,1,skip
goat meat,1,skip
tatase,1,skip
rodo,1,skip
shombo,1,skip
alubosa,1,skip
ponmo,1,skip
habanero peppers,1,skip
of bleached palm oil,1,skip
iru,1,skip
½ tablespoon salt,1,skip
meat stock,1,skip
shaki,1,skip
kpomo,1,skip
fillets smoked mackerel,1,skip
smoked fish,1,skip
mudu palm fruit,1,skip
piece of lime/alum,1,skip
bunch of atama leaves,1,skip
sized snails,1,skip
piece of uyayak,1,skip
cubes of maggi or more,1,skip
of periwinkles,1,skip
atyever leaves,1,skip
chile-tomato purée,1,skip
maggi cubes,1,skip
¼ tablespoon salt,1,skip
¼ cup lemon juice or vinegar,1,skip
ripened avocado,1,skip
berbere spice,1,skip
awaze sauce,1,skip
dutch aubergines,1,skip
spanish onion,1,skip
¼ teaspoon mustard seeds,1,skip
⅓ teaspoon cumin seeds,1,skip
tomato paste or 4 tomatoes,1,skip
–3 coriander stems,1,skip
½ tbsp granulated sugar,1,skip
octopus,1,skip
clams or mussels,1,skip
½ tsp chili flakes,1,skip
fish stock or water,1,skip
½ teaspoon cumin seeds,1,skip
½ teaspoon turmeric powder,1,skip
½ teaspoon garam masala or good curry powder,1,skip
½ glass of milk,1,skip
½ teaspoon chile pepper powder,1,skip
some salt,1,skip
¾ cup onion,1,skip
½ lb meat,1,skip
mild red pepper,1,skip
loaf french bread or other non-sour white bread,1,skip
refrigerated can of cinnamon rolls,1,skip
caramel sauce,1,skip
–3 cups vanilla ice cream,1,skip
bananas or 4 bananas,1,skip
⅓ cup all purpose flour or 3 tbsp cornstarch,1,skip
ea. 9-inch baked pastry shell,1,skip
meringue made from the leftover egg whites,1,skip
–3 bananas,1,skip
⅔ cups white flour,1,skip
½ cups nuts,1,skip
quick-cooking oats,1,skip
butter or shortening,1,skip
–4 bone-in pork chops,1,skip
caraway seed,1,skip
½ cup semisweet chocolate chips,1,skip
mashed bananas,1,skip
ziti or other pasta,1,skip
marinara sauce,1,skip
½ lb ricotta,1,skip
italian parsley,1,skip
½ cup bread crumbs,1,skip
of bologna,1,skip
brown prepared mustard,1,skip
kaiser bun,1,skip
ea. free-range chicken,1,skip
½ cup extra virgin olive oil,1,skip
¼ cup soumak,1,skip
khubz 'arabi,1,skip
pine nuts to decorate,1,skip
package banana cream-flavored pudding mix,1,skip
container frozen whipped topping,1,skip
ea. 6 oz chocolate graham cracker pie crust,1,skip
ea. 1.4 oz toffee candy bars,1,skip
ea. eggplants,1,skip
¼ lb button mushrooms,1,skip
½ lb tomatoes,1,skip
⅔ cup walnuts,1,skip
heaping tbsp capers,1,skip
¼ pint white wine,1,skip
salad onions,1,skip
½ oz butter,1,skip
creme fraiche,1,skip
aged balsamic vinegar,1,skip
assorted salad greens,1,skip
ea. boneless beef ribeye steaks,1,skip
thin slices brie cheese,1,skip
uncooked penne pasta,1,skip
leaves basil,1,skip
halibut fillet,1,skip
¼ cup fish stock,1,skip
lard or another fat,1,skip
pecans,1,skip
+⅛ tsp baking powder,1,skip
turbinado sugar,1,skip
mashed banana,1,skip
turbinado sugar for sprinkling,1,skip
sized bananas or 2 -sized bananas,1,skip
½ us pint double cream,1,skip
wineglassful benedictine or maraschino liqueur,1,skip
pink food coloring,1,skip
or 2 bananas,1,skip
chunks of mutton,1,skip
green peppers,1,skip
½ cup buttermilk,1,skip
stalk green onion,1,skip
½ inch ginger,1,skip
seasoning cubes or 2 teaspoons bouillon seasoning powder,1,skip
½ cup crayfish,1,skip
½ cup king arthur organic all-purpose flour,1,skip
½ cup farmer all-purpose flour,1,skip
½ cup organic -grain einkorn flour,1,skip
½ cup granulated coconut palm sugar,1,skip
¼–½ cup organic granulated cane sugar,1,skip
½ tsp kosher baking soda,1,skip
kosher baking powder,1,skip
¼ tsp kosher salt,1,skip
mashed very bananas,1,skip
¼ cup buttermilk,1,skip
⅓ cup honey,1,skip
⅔ cup white sugar,1,skip
boxes of shell pasta,1,skip
shredded cheese of your choice,1,skip
pork spare ribs,1,skip
sake,1,skip
¼ teaspoon of white pepper,1,skip
black pepper and salt,1,skip
smooth tomato spaghetti sauce or pasta sauce,1,skip
handful sugar,1,skip
½ teaspoon ginger paste,1,skip
½ teaspoon coriander powder,1,skip
½ teaspoon cumin powder,1,skip
–3 tbsp milk,1,skip
⅛ tsp black pepper,1,skip
plain prepared mustard,1,skip
bottled liquid smoke flavor,1,skip
¼ teaspoon louisiana-style red pepper sauce,1,skip
lemon juice and/or vinegar,1,skip
½ teaspoons dijon mustard,1,skip
¼ teaspoons salt,1,skip
heaping tsp of coffee beans,1,skip
a shot of whiskey or ½ shot of cognac,1,skip
a squeeze of lemon juice,1,skip
tomato catsup,1,skip
–3 tablespoons mustard,1,skip
–2 teaspoons celery seed,1,skip
¼ teaspoon red pepper,1,skip
onion flakes,1,skip
garlic powder or garlic,1,skip
light brown sugar,1,skip
dessert spoon golden syrup,1,skip
heavy or whipping cream,1,skip
–2 tbsp granulated or powdered sugar,1,skip
flavoring of choice,1,skip
spoons tea leaves,1,skip
½ cup cloves,1,skip
½ cup allspice,1,skip
peel of 1 orange,1,skip
water and/or milk,1,skip
coarse cornmeal or polenta,1,skip
butter and/or olive oil,1,skip
–6 tomatoes,1,skip
cm piece ginger root,1,skip
–2 mild green chillies,1,skip
¼ tsp turmeric,1,skip
free-range chicken,1,skip
bunch of coriander leaves,1,skip
ice cream topping,1,skip
hundreds-and-thousands or sprinkles,1,skip
ea. 4-bone standing rib roast,1,skip
ea. beef brisket,1,skip
½ cup vinegar mixture from north carolina-style bbq ribs,1,skip
hamburger buns for serving,1,skip
slab st. louis pork spareribs,1,skip
½ cup apple cider vinegar,1,skip
½ cup tomato paste,1,skip
¼ cup light molasses,1,skip
ricotta cheese or shredded mozzarella cheese or shredded cheddar cheese,1,skip
¼ tsp - white pepper,1,skip
~1000 g cooked lasagne noodles,1,skip
italian tomato sauce,1,skip
chicken wings,1,skip
x3 hickory wood chips,1,skip
garlic-flavored croutons,1,skip
½ cup barbecue sauce,1,skip
tabasco or something that tastes like it,1,skip
blackstrap molasses,1,skip
scoop strawberry ice cream,1,skip
scoop chocolate ice cream,1,skip
chocolate sauce,1,skip
¾ cup mango juice,1,skip
¾ cup pineapple juice,1,skip
palm nut extract,1,skip
banga spice,1,skip
smoked catfish or titus fish,1,skip
½ cup scent leaf,1,skip
about 1 teaspoon powdered spirulina,1,skip
rice milk,1,skip
maple syrup,1,skip
cumin seeds and mustard seeds,1,skip
–5 pieces - chiles,1,skip
average sized tomatoes,1,skip
instant millet couscous,1,skip
cassava root,1,skip
green chile pepper,1,skip
dry kidney beans,1,skip
bazeen dough,1,skip
"½ teaspoon ""concentrated"" liquid smoke flavoring",1,skip
white superfine sugar,1,skip
food coloring,1,skip
filling as desired,1,skip
raw palm nuts or 800 ml canned palm nut extract,1,skip
–2 pieces fish,1,skip
banga spice mix,1,skip
scent leaves,1,skip
ghee or oil,1,skip
approximately potatoes,1,skip
root vegetables,1,skip
raw shrimp,1,skip
¼ tsp garlic,1,skip
worcestershire sauce or teriyaki sauce,1,skip
¼ tsp liquid smoke,1,skip
of dry white beans,1,skip
cooked beets,1,skip
stew bones,1,skip
mashed beans,1,skip
raw spelt flour,1,skip
:,1,skip
beef heart,1,skip
¼ cup of spicy red chili,1,skip
of brown vinegar,1,skip
of achiote,1,skip
cooked mashed white or kidney beans,1,skip
breading mix,1,skip
fl oz tomato juice,1,skip
double-strength beef broth,1,skip
–4 russet potatoes,1,skip
generous pinch each of cumin,1,skip
tins of mixed beans,1,skip
olive oil or vegetable oil,1,skip
bell pepper or 1 cup frozen mixed bell peppers,1,skip
beef stock cube,1,skip
fat-free vegetable broth,1,skip
bag frozen mixed vegetables,1,skip
no-salt-added stewed tomatoes,1,skip
⅓ cup broken angel-hair pasta,1,skip
no-salt-added kidney beans,1,skip
no-salt-added black beans,1,skip
several carrots,1,skip
chickpeas or black beans,1,skip
other vegetables,1,skip
beef tongue,1,skip
⅓ teaspoon garlic salt,1,skip
⅓ teaspoon paprika,1,skip
cubed cooking roast beef,1,skip
cubed cooked potatoes,1,skip
½ cup cooked onion,1,skip
⅛–¼ teaspoon pepper,1,skip
pastry for double crust pie,1,skip
half and half cream,1,skip
recipe spice rub,1,skip
–4 pound chicken,1,skip
ea. potato,1,skip
½ teaspoon onion powder,1,skip
⅛ cup almonds,1,skip
can green salsa,1,skip
uncooked arborio rice,1,skip
hot vegetable stock,1,skip
½ cup beer,1,skip
¼ cup shredded sharp cheddar cheese,1,skip
chicken eggs,1,skip
high quality beef fillet,1,skip
handful pine kernels,1,skip
dash of truffle oil,1,skip
center cut beef tenderloin roast,1,skip
extra-virgin olive oil for serving,1,skip
lemon wedges for serving,1,skip
shaved parmiggiano-reggiano cheese,1,skip
basil chiffonade for serving,1,skip
beef sirloin,1,skip
several assorted bell peppers,1,skip
inch slices zucchini,1,skip
bamboo skewers,1,skip
ribeye steak,1,skip
–2 thai bird chilis,1,skip
¼ cup scallions,1,skip
toasted sesame seeds,1,skip
–3½ pounds beef,1,skip
–8 onions,1,skip
–3 bell peppers,1,skip
pureed tomatoes,1,skip
cooked white rice,1,skip
cracked black pepper,1,skip
beef tenderloin steaks,1,skip
non-stick cooking spray,1,skip
⅔ cup dry red wine,1,skip
steak sauce,1,skip
beef suitable for soup/stew,1,skip
–250 g potatoes,1,skip
–125 g frozen carrots,1,skip
–125 g frozen mushrooms,1,skip
or 2 bay leaves,1,skip
black-eyed peas or brown beans,1,skip
–4 scotch bonnet chili peppers,1,skip
groundnut oil or palm oil for deep frying,1,skip
chicken gizzard,1,skip
beef flank steak,1,skip
–8 habanero peppers,1,skip
–6 firm tomatoes,1,skip
¼ cup spring onions,1,skip
size lemon,1,skip
cubed stew beef,1,skip
lamb meat,1,skip
day-old white bread roll,1,skip
parsley as desired,1,skip
cayenne pepper powder,1,skip
size tomatoes,1,skip
baguettes,1,skip
black-eyed peas,1,skip
¼–½ tsp cayenne pepper,1,skip
package frozen kale,1,skip
of white granulated sugar,1,skip
of yeast,1,skip
of wheat flour,1,skip
fermented cabbage,1,skip
pork or venison,1,skip
sausage,1,skip
or mushrooms,1,skip
frozen blueberries,1,skip
¾ cup blueberries,1,skip
½ lb of baby shrimp,1,skip
½ cup of bitter melon,1,skip
½ cup bagoong alamang,1,skip
of good white wine,1,skip
–2 shallots,1,skip
–12 tbsp unsalted butter,1,skip
¼ cup granulated white sugar,1,skip
pure lard,1,skip
anise seed,1,skip
cinnamon sugar for topping,1,skip
corn oil or other vegetable oil,1,skip
chipotle chile,1,skip
¼ ancho chile,1,skip
¾ tablespoon sea salt,1,skip
⅛ teaspoon cayenne pepper,1,skip
wine vinegar,1,skip
–2 hot chiles,1,skip
chinese black beans,1,skip
¼ to ½ cup chicken stock,1,skip
½ teaspoon sesame oil,1,skip
rice wine or sherry,1,skip
shellfish or 1 pound of shrimp,1,skip
½ cup onion cubes,1,skip
red bell pepper or ½ red and ½ green peppers,1,skip
–3 cups,1,skip
low-sodium chicken broth,1,skip
mexican salsa verde,1,skip
¼ cup packed cilantro leaves,1,skip
or 2 jalapeños,1,skip
¼ teaspoon cumin seeds,1,skip
¼ teaspoon coriander seeds,1,skip
¼ teaspoon sea salt,1,skip
½ cup cooked rice,1,skip
½ teaspoon fish sauce,1,skip
of flat crispy puris,1,skip
puffed rice,1,skip
plain sev,1,skip
chat masala,1,skip
big red onion,1,skip
½ bunch coriander leaves,1,skip
lemon juice or raw mango,1,skip
pack spaghetti noodles,1,skip
green capsicum,1,skip
red capsicum,1,skip
chicken fillets,1,skip
ea. chicken and jointed,1,skip
masoor,1,skip
elachi,1,skip
or pureed tomato,1,skip
springs mint,1,skip
¼ tbsp saffron,1,skip
¼ tbsp turmeric,1,skip
fair-sized onions,1,skip
½ tsp ginger,1,skip
lbs bison steak or roast,1,skip
melted bison fat,1,skip
veal stock,1,skip
grain oats,1,skip
dash of salt,1,skip
½ cup coconut oil,1,skip
almond butter,1,skip
pints blackberries,1,skip
¼ cups warm milk,1,skip
½ cup warm margarine,1,skip
black cumin,1,skip
¼ cup caster sugar,1,skip
¼ cup salt,1,skip
lean beef or game meat,1,skip
lemon juice or vinegar,1,skip
½ tsp onion powder,1,skip
any variety of blue cheese,1,skip
½ pod nutmeg,1,skip
spoon cooking oil,1,skip
head garlic,1,skip
½ kg bagoong alamang,1,skip
siling labuyo,1,skip
spoons sugar,1,skip
monosodium glutamate,1,skip
parts by weight of water,1,skip
parts by weight of butter,1,skip
oil or fat for cooking,1,skip
pint shucked oysters,1,skip
fine bread crumbs or cracker crumbs,1,skip
–2 cloves of garlic,1,skip
of carrot,1,skip
of button mushrooms,1,skip
bouquet of herbs: basil,1,skip
–4 cups of red wine,1,skip
of sweetened condensed milk,1,skip
of cocoa powder,1,skip
box of chocolate sprinkles,1,skip
lbs size shrimp,1,skip
yuca root,1,skip
eggs either scrambled,1,skip
flour burrito skins,1,skip
strips of cooked bacon or 1 lb cooked breakfast sausage,1,skip
full order of hash browns,1,skip
hollandaise sauce,1,skip
¼–½ cup white granulated sugar,1,skip
¼ cup white onion,1,skip
¼ cup green onion,1,skip
caribe or another hot pepper,1,skip
juice of 1 lime,1,skip
matzo meal,1,skip
½ lb flour,1,skip
½ lb wheat-free baking mix,1,skip
box raisins,1,skip
whiskey or more,1,skip
½–1 teaspoon each of any or all of these spices: cinnamon,1,skip
natural wheat bran,1,skip
¾ cup cultured buttermilk,1,skip
full-fat plain yoghurt,1,skip
½ tsp green chile peppers,1,skip
½ tsp mint,1,skip
½ tsp coriander,1,skip
¾ tsp white mustard seeds,1,skip
¾ tsp white pepper,1,skip
½ tsp rock salt,1,skip
sieved icing sugar or caster sugar,1,skip
chicken livers,1,skip
vol-au-vent shells,1,skip
chicken or turkey breasts,1,skip
or button mushrooms,1,skip
crème fraîche,1,skip
–5 lb beef eye round roast,1,skip
goya chorizos,1,skip
goya adobo seasoning,1,skip
pinches saffron,1,skip
–2 heaping tbsp oregano,1,skip
green spanish olives with pimentos,1,skip
goya sazon con azafran,1,skip
package badia cilantro,1,skip
rashers thick cut bacon,1,skip
canned kidney beans,1,skip
¼ cup dark brown sugar,1,skip
½ cup cornflakes,1,skip
english cut beef shortribs,1,skip
¼ cup bacon fat,1,skip
sausage links,1,skip
shredded monterrey jack cheese,1,skip
½ cup dry breadcrumbs,1,skip
brioche bread,1,skip
½ cup shelled walnuts,1,skip
¼ cup apples,1,skip
¼ cup red onion,1,skip
½ tsp rubbed sage,1,skip
¼ cup celery,1,skip
honeycrisp apple,1,skip
¾ cup bourbon,1,skip
ea. bone-in beef short ribs,1,skip
bottle of dry red wine,1,skip
–3 lbs collard greens,1,skip
pork fat or some type of oil,1,skip
–2 lbs smoked pork neck bone,1,skip
½ cup coconut,1,skip
–2 red chillies,1,skip
salt according,1,skip
of lean beef,1,skip
of stewed san marzano or roma tomatoes,1,skip
of chaat masala,1,skip
of amchur powder,1,skip
of red chile powder,1,skip
of coriander powder,1,skip
of jeera powder,1,skip
of hing,1,skip
½ tablespoon of black pepper,1,skip
boondi,1,skip
puris,1,skip
ham hocks,1,skip
lbs collard greens,1,skip
roasting chicken,1,skip
and potatoes,1,skip
½ loaf dry bread,1,skip
puréed tomato,1,skip
handful of well-ripped basil leaves,1,skip
granola bar or oatmeal/granola,1,skip
scoop of instant coffee powder,1,skip
teabag or 1 scoop of chai powder,1,skip
scoop of hot chocolate powder,1,skip
tender chicken,1,skip
rice or pearl barley,1,skip
ona,1,skip
bonga fish fillets,1,skip
firm white fish fillets,1,skip
frozen okra,1,skip
fish or vegetable broth,1,skip
sheet of lavash or yufka flatbread,1,skip
russet potato,1,skip
½ cup baby bella or crimini mushrooms,1,skip
handful of spinach,1,skip
¼ cup shredded sharp cheddar,1,skip
thin slices cooked beef sirloin or flank,1,skip
of extra lean turkey breast,1,skip
tomatoes with green chiles,1,skip
teriyaki sauce,1,skip
seasonings,1,skip
fat or oil,1,skip
various cooked vegetables,1,skip
bulghur,1,skip
½ cup scallions,1,skip
½ cup carrots,1,skip
¼ cup tahini,1,skip
dash black pepper,1,skip
beef suitable for grilling,1,skip
¾ cup soy sauce,1,skip
¼ cup sesame oil,1,skip
–2 tbsp garlic,1,skip
½ bunch green onions,1,skip
½ bunch parsley,1,skip
–3 tablespoons water,1,skip
ea. onion,1,skip
ea. bell pepper,1,skip
½ tsp marjoram,1,skip
ea. bay leaf,1,skip
ea. garlic clove,1,skip
tripe,1,skip
⅔ cup kashkaval cheese,1,skip
½ cup cooked boba tapioca pearls,1,skip
very strong chilled black tea,1,skip
honey or granulated sugar,1,skip
toasted almonds,1,skip
seasoned dry bread crumbs,1,skip
toasted buns or bread,1,skip
regular black tea leaves,1,skip
boneless skinless chicken breast,1,skip
hamburger bun,1,skip
leaf green leaf lettuce,1,skip
tomato slices,1,skip
blue cheese dressing,1,skip
½ stick margarine,1,skip
toothpicks,1,skip
⅔ cup cream,1,skip
pint vanilla ice cream,1,skip
quart apple juice,1,skip
–8 cups broccoli florets,1,skip
–8 slices of crisp fried bacon,1,skip
red or sweet onion,1,skip
½ cup pecans or sunflower seeds,1,skip
cider vinegar or lemon juice,1,skip
packed light brown sugar,1,skip
cubed processed cheese,1,skip
sweet peas,1,skip
mixed cooked meats,1,skip
½ gallon chicken stock,1,skip
½ gallon beef stock,1,skip
¼ cup peas,1,skip
½ cup okra,1,skip
¼ cup lima beans,1,skip
½ cup yellow corn,1,skip
bryndze cheese,1,skip
–2 lbs meat,1,skip
corn w/ juice,1,skip
salsa,1,skip
instant rice,1,skip
taco seasoning,1,skip
lbs frozen broccoli,1,skip
parve chicken soup powder,1,skip
onion soup mix,1,skip
½ cup smoky chipotle hot sauce,1,skip
¼ cup tomato paste,1,skip
chili leaves,1,skip
yeast extract,1,skip
cm root ginger,1,skip
lemongrass stalks,1,skip
galangal,1,skip
shrimp paste,1,skip
fine brown sugar,1,skip
tamarind juice or 5 ml tamarind pulp concentrate,1,skip
mixed fruit,1,skip
½ orange,1,skip
white breadcrumbs,1,skip
buckwheat flour,1,skip
¼ cup maple syrup,1,skip
¼ cup unsweetened applesauce,1,skip
very bananas,1,skip
¼ cup - dark chocolate or chocolate chips,1,skip
steamed and mashed taro root,1,skip
bowl of popped popcorn,1,skip
french vinegar,1,skip
½ cup superfine sugar,1,skip
½ teaspoons nutmeg,1,skip
heavy pinch of sea salt,1,skip
drizzle of red wine vinegar,1,skip
shots worcestershire sauce,1,skip
soft-boiled eggs,1,skip
garlic croûtons,1,skip
cleaned trout,1,skip
head napa cabbage,1,skip
½ cup sea salt,1,skip
½ cup gochugaru,1,skip
¼ cup aekjeot,1,skip
¼ carrot,1,skip
¼ korean radish,1,skip
veal or beef,1,skip
–40 grape or cabbage leaves,1,skip
butter or ½ cup sunflower oil,1,skip
mini marshmallows,1,skip
graham crackers,1,skip
marshmallow,1,skip
squares milk chocolate,1,skip
garlic chili sauce,1,skip
½ teaspoon five spice powder,1,skip
¼ teaspoon white pepper,1,skip
½ head white cabbage,1,skip
rapeseed oil,1,skip
of - pepper,1,skip
apple juice or cider,1,skip
½ cup melted butter or cream,1,skip
½ cup walnuts or other nuts,1,skip
taro leaves,1,skip
¼ pound salted beef or salted pork,1,skip
stalks chives,1,skip
½ lb butter,1,skip
beaten eggs,1,skip
creamed corn,1,skip
¾ cup pancake mix,1,skip
melted butter or margarine,1,skip
cheese of your choice,1,skip
dry linguine or spaghetti,1,skip
vegetarian bouillon cube,1,skip
–2 pat butter,1,skip
goat cheese —parmesan is an acceptable substitute,1,skip
textured vegetable protein,1,skip
cabbage leaves,1,skip
¾ cup cooked rice,1,skip
blanched almonds,1,skip
drop red food colouring,1,skip
dry red beans,1,skip
ea. ham hocks,1,skip
''paul prudhomme's seafood magic'',1,skip
tabasco sauce or similar hot sauce,1,skip
shredded mozzarella cheese,1,skip
any topping,1,skip
package store-bought pizza dough,1,skip
cannoli shells,1,skip
½ tablespoon icing,1,skip
tarragon vinegar,1,skip
sherry vinegar or dry white wine,1,skip
–100 g melted butter,1,skip
brown sugar or muscovado sugar,1,skip
black treacle,1,skip
cannabis,1,skip
butternut squash,1,skip
chicken stock or vegetable stock,1,skip
¼ cup cream sherry,1,skip
yam or sweet potato,1,skip
piloncilo cone,1,skip
sticks cinnamon,1,skip
½ water,1,skip
¼ ea. onion or 2 garlic cloves,1,skip
–2 tbsp butter,1,skip
–2 tbsp flour,1,skip
–10+ apricots,1,skip
about 1 cup water,1,skip
a generous handful of sugar,1,skip
of plain flour,1,skip
onion or shallot,1,skip
bouquet-garni,1,skip
½ bay leaf,1,skip
½ tsp cayenne,1,skip
white wheat flour,1,skip
⅓–¼ cup palm oil,1,skip
yellow corn meal,1,skip
corned beef brisket,1,skip
salt pork,1,skip
apple cider or white vinegar,1,skip
powdered smoked paprika,1,skip
½ teaspoon black pepper or,1,skip
feijao pedro beans,1,skip
about 18 cups watery,1,skip
dry yellow hominy,1,skip
cranberry beans,1,skip
white fava beans,1,skip
size madioca or yuca,1,skip
collard greens or kale,1,skip
chourico or linguica sausage,1,skip
or 4 calamansi,1,skip
glass cold water,1,skip
½ tablespoon granulated sugar,1,skip
package cake mix,1,skip
–7 tablespoons melted butter or vegetable oil,1,skip
add-ins,1,skip
mung beans,1,skip
sticky rice,1,skip
tsps salt,1,skip
tsps black pepper,1,skip
tbsps fried shallot,1,skip
tbsps fish sauce,1,skip
scotch fillet steak,1,skip
–4 oysters,1,skip
½ cup white rice,1,skip
½ cup moong dhal,1,skip
¼ cup cashew nuts,1,skip
¼ cup white raisins,1,skip
cardamom powder,1,skip
¾ cup jaggery,1,skip
sugar or honey,1,skip
tamari or shoyu soy sauce,1,skip
rapeseed oil or other vegetable oil,1,skip
catsup,1,skip
soy lecithin powder,1,skip
century eggs,1,skip
jinhua ham,1,skip
pickled stem ginger,1,skip
bowl of dark vinegar,1,skip
of shredded boiled chicken meat,1,skip
¼ liter water,1,skip
juice of 4 lemons,1,skip
½ kg sugar,1,skip
½ pound queso fresco cheese,1,skip
shredded lettuce,1,skip
olive or vegetable oil,1,skip
yellow or white onions,1,skip
½ cups white granulated sugar,1,skip
⅛ teaspoon coarse black pepper,1,skip
champagne vinegar,1,skip
free-range eggs with yolks,1,skip
italian pancetta,1,skip
¼ onion,1,skip
the zest of ½ a lemon,1,skip
parmigiano and/or pecorino romano cheese,1,skip
uncooked pasta,1,skip
packet of cappelletti pasta pillows,1,skip
½ litre of water plus more to thin out the soup if required,1,skip
good quality chicken stock cubes,1,skip
dash of olive oil,1,skip
parmesan to serve,1,skip
of ham,1,skip
of petit pois,1,skip
of ketchup,1,skip
½ cup of parmesan cheese,1,skip
white balsalmic vinegar,1,skip
greens like matzumi or baby chinese mustard,1,skip
cooking apple,1,skip
zest of 1 orange,1,skip
juice of 1 orange,1,skip
potato flour,1,skip
½ pound green olives packed in brine,1,skip
salted capers,1,skip
pounds celery ribs,1,skip
⅔ pound onions,1,skip
⅔ pound tomatoes,1,skip
⅓ cup vinegar,1,skip
⅜ cup pine nuts,1,skip
vanilla bean,1,skip
½ cup brewed espresso,1,skip
chocolate syrup,1,skip
frozen raspberries,1,skip
ice cream or fruit,1,skip
uncooked hokkien-style rice noodles,1,skip
chicken stock powder,1,skip
asian greens,1,skip
croûtons,1,skip
spring onions,1,skip
raw almonds,1,skip
bunch coriander,1,skip
¼ pint milk,1,skip
white haricot/navy beans,1,skip
pig ear or pork rind,1,skip
mixture of duck or goose meat,1,skip
duck fat,1,skip
stock or white wine,1,skip
head of garlic,1,skip
lbs carrots,1,skip
½ tsp vanilla,1,skip
dry pinto beans,1,skip
ham bone or a rough equivalent of salt bacon,1,skip
a very amount of that day's brewed coffee,1,skip
½ cup yoghurt,1,skip
ginger/garlic paste,1,skip
¼ tablespoon powdered tuj,1,skip
¼ tablespoon powdered elachi,1,skip
¼ tablespoon powdered cloves,1,skip
pounded red chillies,1,skip
chickens,1,skip
mint sprigs,1,skip
about ¾ the weight of mozzarella cheese as the tomato,1,skip
italian seasoning or oregano and pepper,1,skip
white cauliflower,1,skip
cauliflower head,1,skip
white sauce,1,skip
heavy whipping cream,1,skip
½ very banana,1,skip
cm piece ginger,1,skip
½ tablespoon fat-free natural yogurt,1,skip
ice cubes to serve,1,skip
parsley or mint leaves,1,skip
psyllium husk powder or xanthan gum,1,skip
thai green chiles,1,skip
cube vegetable bouillon,1,skip
lbs raw cassava,1,skip
melted butter or coconut oil,1,skip
unsweetened evaporated milk or coconut milk,1,skip
warm water as required,1,skip
thick-cut bread,1,skip
firm-fleshed strong-flavoured cheese,1,skip
toppings,1,skip
¾ cups granulated sugar,1,skip
semi-sweet chocolate chips,1,skip
⅓ cup neutral oil,1,skip
fine cassava flour or tapioca flour,1,skip
inch pre-made pie crust,1,skip
½ tbsp dijon mustard,1,skip
¼ cup apple juice,1,skip
shredded sharp cheddar cheese,1,skip
½ tsp pepper,1,skip
loaf french bread,1,skip
heavy whipping cream or ½ cup milk,1,skip
⅓ cup mozzarella cheese,1,skip
½ teaspoon mustard,1,skip
–2 pinches of salt,1,skip
katis of pork,1,skip
char-siu sauce,1,skip
drops of tenderizer,1,skip
canned sweet cherries with juice,1,skip
¾ cup white sugar,1,skip
blueberries,1,skip
½ cup raspberries,1,skip
¾ cup blackberries,1,skip
strawberry preserves,1,skip
store-bought or homemade pie crusts,1,skip
cherry pie filling,1,skip
yellow cake mix,1,skip
⅛ cup softened butter,1,skip
¼ cup nuts,1,skip
pork shoulder,1,skip
shaoxing rice wine,1,skip
clear honey,1,skip
½ tsp five spice,1,skip
white raisins,1,skip
½ cup apricots or peaches,1,skip
¼ cup almonds,1,skip
matsoh meal,1,skip
iraqi dates,1,skip
walnuts or pistachios,1,skip
refrigerated pizza crust,1,skip
ea. 1-inch pieces of string cheese,1,skip
½ cup pizza sauce,1,skip
pepperoni,1,skip
cooked italian sausage,1,skip
italian blend shredded cheese,1,skip
feta,1,skip
parsley or dill,1,skip
~20 corn tortillas,1,skip
½ pound softened margarine,1,skip
sharp cheddar,1,skip
¾ teaspoon powdered cayenne pepper,1,skip
¾ cup - parmigiano reggiano,1,skip
white crustless bread,1,skip
each of salt,1,skip
chanterelle mushrooms,1,skip
butter or oil,1,skip
–4 tbsp white wine vinegar,1,skip
½ cup brie cheese,1,skip
½ dough from classic american apple pie,1,skip
favorite toppings,1,skip
ea. beef strip steaks,1,skip
¼ cup cranberries,1,skip
apple rings,1,skip
basil chiffonade,1,skip
¼ cup ricotta cheese,1,skip
½ tsp - cinnamon,1,skip
½ tsp orange zest,1,skip
¼ tsp - allspice,1,skip
of fine-grain salt,1,skip
¼ cup mild cheddar cheese,1,skip
¾ cup pasta,1,skip
¾ cup mozzarella cheese,1,skip
¾ cup cheddar cheese,1,skip
–3½ tablespoons hoisin sauce,1,skip
½ cup heavy whipping cream,1,skip
bread slices,1,skip
cheese slices,1,skip
glass of orange blossom water,1,skip
–3 tbsp of granulated sugar,1,skip
stick of cinnamon,1,skip
of sugar cubes,1,skip
glass of warm water,1,skip
glass of pressed cherry juice,1,skip
of broken cherry pits,1,skip
chestnuts,1,skip
bundle asparagus,1,skip
flat parsley,1,skip
baby spinach leaves,1,skip
spaetzle,1,skip
emmental or gruyère cheese,1,skip
¾ cup - walnuts,1,skip
sweet red wine,1,skip
½ kg glutinous rice,1,skip
½ kg white granulated sugar,1,skip
spoons cocoa powder,1,skip
bottles boom blackcurrant beverage,1,skip
pineapples,1,skip
watermelons,1,skip
frozen pitted cherries,1,skip
jar of tomato puree,1,skip
of cayenne pepper,1,skip
of garam masala,1,skip
of turmeric,1,skip
½ teaspoon of ginger,1,skip
½ teaspoon of coriander,1,skip
cream of chicken soup,1,skip
mixed vegetables,1,skip
white chunk chicken,1,skip
frozen pie crusts,1,skip
head cabbage,1,skip
of cilantro,1,skip
of green onions,1,skip
½ cup sunflower seeds,1,skip
packages of instant ramen noodles,1,skip
cooked chicken breasts,1,skip
½ cup of vegetable or canola oil,1,skip
½ cup of rice vinegar,1,skip
of oriental flavoring,1,skip
extra sugar for coating,1,skip
chicken breast halves,1,skip
½ cup all purpose flour,1,skip
italian seasoned bread crumbs,1,skip
jar spaghetti sauce,1,skip
package mozzarella cheese,1,skip
of garlic powder,1,skip
½ a teaspoon of oregano,1,skip
¼ teaspoon of basil,1,skip
¼ teaspoon of - black pepper,1,skip
½ a cup of all-purpose flour,1,skip
½ a cup of tomato puree,1,skip
¼ cup of chicken stock,1,skip
½ a cup of canola oil,1,skip
½ a cup of shredded mozzarella cheese,1,skip
¼ a cup of parmigiano cheese,1,skip
ea. sirloin steaks,1,skip
cabernet sauvignon wine,1,skip
–10 cloves of garlic,1,skip
⅓ white onion,1,skip
cm ginger,1,skip
½ cup tomatoes,1,skip
–6 strands saffron,1,skip
cm cinnamon stick,1,skip
black pepper corns,1,skip
chicken breast,1,skip
frozen broccoli,1,skip
canned cream of celery soup,1,skip
about 2 lbs chicken breasts,1,skip
chicken stock or equivalent,1,skip
about ½ lb andouille sausage or other spicy sausage,1,skip
¼ cup plain yoghurt,1,skip
½ cup walnuts,1,skip
½ cup condensed cream of mushroom soup,1,skip
salt or less,1,skip
¼ teaspoon dry mustard,1,skip
¼ cup carrot,1,skip
jar sweet peppers,1,skip
hot cherry peppers,1,skip
½ pint cream,1,skip
can black olives,1,skip
–1½ lb rigatoni pasta,1,skip
cream or half and half,1,skip
white flour,1,skip
¼ cup onion or shallot,1,skip
½ teaspoon red pepper,1,skip
½ cup lemon juice,1,skip
fettuccini pasta,1,skip
pizza dough,1,skip
jar of alfredo sauce,1,skip
package of shredded cheese,1,skip
package of pepperoni,1,skip
lbs,1,skip
can of tomatoes with juice,1,skip
can of mushroom pieces,1,skip
¼ tsp garlic powder,1,skip
½ tsp sweet basil,1,skip
¼ cup of white wine,1,skip
½ tsp liquid gravy browner,1,skip
spicy long green chiles,1,skip
package pie crusts,1,skip
⅓ cup margarine or butter,1,skip
⅓ cup onion,1,skip
chicken meat,1,skip
elbow macaroni,1,skip
½ head of cabbage,1,skip
kosher salt and black pepper,1,skip
packages frozen crescent rolls,1,skip
½ tablespoon red pepper,1,skip
teriyaki marinade/sauce,1,skip
ea. 10-inch flour tortillas,1,skip
shredded colby jack cheese,1,skip
about 2 teaspoons butter,1,skip
–2 lb skinless,1,skip
½ yellow onion,1,skip
red or white wine,1,skip
canned cream of mushroom soup,1,skip
–2 pinches flour,1,skip
boneless chicken pieces,1,skip
container sour cream,1,skip
raw chicken,1,skip
½ cup chicken broth,1,skip
¾ cup white wine,1,skip
dry marsala wine,1,skip
uncooked farfalle pasta,1,skip
shredded parmiggiano-reggiano cheese,1,skip
mozzarella cheese,1,skip
½ tsp garlic,1,skip
ribs celery,1,skip
mild chili sauce,1,skip
teriyaki marinade,1,skip
tandoori powder,1,skip
herbal salt,1,skip
of dry black-eyed peas,1,skip
–3 tbsp vegetable oil or chicken fat,1,skip
white or red onions,1,skip
stalk celery including the leaves,1,skip
–2 tbsp ginger,1,skip
uncooked long-grained rice,1,skip
canned tomatoes,1,skip
bone-in chicken meat,1,skip
to hot chile peppers,1,skip
curry powder stirred into the juice of ½ lemon,1,skip
red peppers,1,skip
½ kg tomatoes,1,skip
baby carrots,1,skip
brown rice,1,skip
of parsley,1,skip
container mrs dash seasoning,1,skip
chicken or equivalent amount of chicken parts as desired,1,skip
½ gallon milk,1,skip
stick of butter,1,skip
–2 cans chicken broth,1,skip
saltines,1,skip
½-ounce package crimini or portobello mushrooms,1,skip
¼ teaspoon basil,1,skip
½ rosemary,1,skip
quart low-sodium chicken broth,1,skip
¾ cup frozen peas,1,skip
½ cup parsley,1,skip
olive oil or butter,1,skip
liquid chicken stock,1,skip
½ teaspoons pepper,1,skip
strips of streaky bacon,1,skip
ea. fat hen,1,skip
uncooked long grain white rice,1,skip
¼ lb bacon,1,skip
½ lb smoked sausage,1,skip
herb seasoning,1,skip
"""chicken and herb"" seasoning",1,skip
poultry seasoning,1,skip
smoked sausage,1,skip
pumpkin leaves,1,skip
madras curry powder,1,skip
¼ teaspoon garam masala,1,skip
navy beans,1,skip
jalapeños,1,skip
pinch salt,1,skip
chili garlic sauce,1,skip
white flour plus 3 tbsp,1,skip
ea. beef steaks,1,skip
bacon drippings,1,skip
⅓ cup chicken broth,1,skip
⅔ cup sugar,1,skip
⅔ cup self-raising flour,1,skip
⅓ tsp salt,1,skip
½ cup dates,1,skip
½ cup seedless raisins,1,skip
skinless and boneless chicken breast,1,skip
natural yoghurt,1,skip
–4 red chillis,1,skip
½ tsp turmeric,1,skip
cooked chicken tikka,1,skip
tin plum tomatoes,1,skip
–4 green chiles,1,skip
malt vinegar or tamarind extract,1,skip
tandoori masala paste,1,skip
chips from a chip shop or homemade,1,skip
ketchup or a brown sauce,1,skip
⅛ teaspoon red pepper,1,skip
½ cup fat-free low-sodium chicken broth,1,skip
¼ cup pitted green olives,1,skip
inch cinnamon stick,1,skip
skinless boneless chicken breast halves,1,skip
firmly packed torn spinach leaves,1,skip
new mexico dry chiles,1,skip
boneless beef chuck roast,1,skip
beef stock or water,1,skip
chicken carcasses,1,skip
celery with leaves,1,skip
–5 tsp cayenne pepper,1,skip
paprika or other milder powdered chile,1,skip
olive,1,skip
stewing venison,1,skip
dry cider or beef stock,1,skip
of dry or 500 g of cooked chickpeas,1,skip
–3 ea. onions,1,skip
of vegetable broth,1,skip
–3 cups zucchini,1,skip
–8 tomatoes,1,skip
–6 cloves garlic,1,skip
crunchy,1,skip
cilantro sprig,1,skip
chipotle in adobo including all of adobo sauce,1,skip
chipotle bbq sauce,1,skip
boneless skinless chicken breast halves,1,skip
vegetable oil for deep-frying,1,skip
¼ cup smoky chipotle hot sauce,1,skip
smoky chipotle hot sauce,1,skip
¼ cup squeezed lime juice,1,skip
½ cup chipotle bbq rub,1,skip
½ tbsp garlic,1,skip
½ tbsp ginger,1,skip
spicy garlic oil for deep frying,1,skip
½ cup -squeezed lime juice,1,skip
¼ cup chipotle-based hot sauce,1,skip
skinless wild salmon filet,1,skip
seafood seasoning,1,skip
adobo sauce,1,skip
–3 cups ghee,1,skip
half and half,1,skip
of provel or muenster,1,skip
sea salt flakes,1,skip
neutral oil,1,skip
½ cup chile flakes,1,skip
–3 chiles,1,skip
of szechuan peppercorn,1,skip
–2 teaspoons - hot paprika,1,skip
–4 turnips,1,skip
habañero,1,skip
soy milk or water,1,skip
dehydrated onion,1,skip
seasoning salt,1,skip
–2 teaspoons red cayenne pepper or /powdered ancho chilli pepper,1,skip
½ teaspoon dehydrated garlic,1,skip
pimentos or other mild chile peppers,1,skip
–14½ us fl. oz. chicken broth,1,skip
dry chickpeas,1,skip
½ cup warm water,1,skip
and wild orchid tubers,1,skip
½ cup rice,1,skip
white onion or shallot,1,skip
shredded rotisserie chicken meat,1,skip
¾ pound spaghetti,1,skip
¾ cup parmesan cheese,1,skip
juice from 1 lemon,1,skip
–8 chilies,1,skip
cloves or allspice,1,skip
red cayenne pepper,1,skip
live,1,skip
neutral cooking oil,1,skip
chili paste,1,skip
lime wedges,1,skip
½ cup peanut oil,1,skip
pears,1,skip
lightly whipped cream,1,skip
fat,1,skip
lbs flour,1,skip
quarts beef stock,1,skip
chipped beef,1,skip
¼ oz pepper,1,skip
⅔ cup evaporated milk,1,skip
jar marshmallow creme,1,skip
semi sweet chocolate chips,1,skip
fine coconut,1,skip
pumpkin puree,1,skip
pecans or almonds,1,skip
granola,1,skip
⅓ cup cocoa,1,skip
⅓ cup cooking oil,1,skip
½ cup cocoa,1,skip
oatmeal,1,skip
squares unsweetened chocolate,1,skip
–3 cup icing sugar,1,skip
½ tsp vanilla extract,1,skip
sweet rice flour,1,skip
¾ tsp baking powder,1,skip
mascarpone,1,skip
crystal sugar,1,skip
of heavy cream,1,skip
½ vanilla pod,1,skip
non-skim milk,1,skip
–4 tablespoons peanut butter,1,skip
–2 ounces chocolate chips,1,skip
¼ pound sweet chocolate,1,skip
package chocolate chips,1,skip
unbaked pastry pie shell,1,skip
½ cup half-and-half,1,skip
loosely-packed brown sugar,1,skip
dark corn syrup,1,skip
½ cup good bourbon,1,skip
pecan pieces,1,skip
pastry dough for 9-inch pie,1,skip
fluid oz double cream,1,skip
½ cup non-dairy shortening,1,skip
½ cup non-dairy margarine,1,skip
–12 oz vegan chocolate chips,1,skip
loaf of bread,1,skip
churasco,1,skip
chipotle powder,1,skip
–5 chipotles,1,skip
mini potato buns,1,skip
¼ cup hazelnut-flavored syrup,1,skip
bamboo or wooden toothpicks,1,skip
hazelnuts,1,skip
gingersnap cookies,1,skip
slightly unripe bananas,1,skip
½ teaspoon - allspice,1,skip
½ teaspoon - nutmeg,1,skip
½ teaspoon - cinnamon,1,skip
pork tenderloin,1,skip
chipotle chiles in adobo sauce,1,skip
¼ cup -squeezed lime juice,1,skip
lime zest,1,skip
pack semi-sweet chocolate chips,1,skip
oven chips,1,skip
packed cheddar cheese,1,skip
of beef broth,1,skip
¼ cup packed brown sugar,1,skip
hershey's chipits semisweet chocolate chips,1,skip
made low-fat paneer,1,skip
sugar substitute,1,skip
½ tsp vanilla essence,1,skip
avocado,1,skip
agave syrup,1,skip
¾ cup granulated white sugar,1,skip
¾ cup packed brown sugar,1,skip
dry lemon or orange peel,1,skip
semi-sweet chocolate morsels / chips,1,skip
extra- eggs,1,skip
oat flour,1,skip
semi-sweet chocolate morsels or chocolate chips,1,skip
milk chocolate,1,skip
raw tahini or 200 g natural peanut butter,1,skip
marmalade,1,skip
¾ cup light brown sugar,1,skip
milk or semi-sweet chocolate chunks,1,skip
dark chocolate chunks,1,skip
½ cup marmalade,1,skip
custard,1,skip
chocolate and salted caramel hot cross buns,1,skip
chocolate-flavored dessert sauce,1,skip
chocolate milk,1,skip
–3 heaping tablespoons chocolate powder,1,skip
sized chocolates,1,skip
salth,1,skip
miniature chocolate chips,1,skip
shortcrust pastry dough,1,skip
fruit mince,1,skip
¼ cup half & half,1,skip
⅛ teaspoon vanilla extract,1,skip
bream or similar fish,1,skip
metric cup vegetable oil,1,skip
of kaeng chu chee curry paste,1,skip
kaffir lime leaves,1,skip
metric cup coconut milk,1,skip
red chile pepper,1,skip
or so tablespoons of duck fat,1,skip
–3 potatoes,1,skip
or so tablespoons of coriander seed,1,skip
½ tablespoon black mustard seed,1,skip
of sauerkraut,1,skip
pork sausages,1,skip
smoked pork slices,1,skip
or so of white wine,1,skip
bittersweet/plain chocolate,1,skip
imperial tablespoons double cream,1,skip
ea. clams,1,skip
½ cup of lemon,1,skip
of celery,1,skip
¾ teaspoon red pepper flakes,1,skip
loaves of san francisco sourdough bread or any other bread with a chewy crust,1,skip
¾ cup natural wheat bran,1,skip
⅓ cup vegetable oil,1,skip
½ cup cranberries,1,skip
annatto seeds,1,skip
allspice berries,1,skip
½ tsp cloves,1,skip
½ cup orange juice,1,skip
splash of tequila,1,skip
pork butt,1,skip
banana leaves and/or heavy-duty aluminium foil,1,skip
white or spanish rice,1,skip
–3 chicken breasts,1,skip
~3 tablespoons olive oil,1,skip
¼–½ peach,1,skip
splash of vinegar,1,skip
enough pasta for 4 servings,1,skip
½ tablespoon - parsley,1,skip
stick of celery,1,skip
celery leaves,1,skip
quick oats,1,skip
vanilla sugar or 1 tsp vanilla extract,1,skip
⅔ cup butter or margarine,1,skip
cold coffee,1,skip
flaked coconut or pearl sugar,1,skip
baking potatoes,1,skip
jalapeño or other hot chili pepper,1,skip
–1½ pounds of white fish fillets,1,skip
ea. ham,1,skip
⅓ cup white sugar,1,skip
¼ cup barbecue sauce,1,skip
½ teaspoon chili powder,1,skip
canned pork and beans,1,skip
of salsa fresca,1,skip
water for cooking,1,skip
"about 3 oz shredded ""shell"" cheese",1,skip
"about 1 oz shredded ""filler"" cheese",1,skip
example toppings:,1,skip
¼ cup boiling water,1,skip
best-quality semisweet chocolate,1,skip
best-quality unsalted butter,1,skip
–3 jalapeños,1,skip
½ cup unsweetened cocoa powder,1,skip
sour milk or buttermilk,1,skip
unsweetened cocoa powder,1,skip
cm ginger root,1,skip
deciliters natural yoghurt,1,skip
deciliters cultured buttermilk,1,skip
quart cold water,1,skip
¼ teaspoon marjoram,1,skip
mung bean sprouts,1,skip
seitan,1,skip
½ pound dry wonton noodles,1,skip
bok choy or broccoli,1,skip
½ pound mushrooms,1,skip
½ red onion,1,skip
¼ cup toasted sesame seeds,1,skip
ea. bottom round roast,1,skip
½ cup beef broth,1,skip
–8 cloves garlic,1,skip
¼ cup tomato juice,1,skip
⅓–½ cup all-purpose flour,1,skip
⅓ cup brandy,1,skip
juice of ½ orange,1,skip
nonfat dry milk powder,1,skip
sifted wheat flour,1,skip
leaves romaine lettuce,1,skip
to tomato,1,skip
cheese- and garlic-flavored croutons,1,skip
crumbled extra-sharp cheddar cheese,1,skip
honey dijon salad dressing,1,skip
⅓ cup coconut oil,1,skip
¼ cup unsweetened cocoa powder,1,skip
⅛ cup + 1 tsp maple syrup,1,skip
½ tsp turmeric powder,1,skip
½ lb raisins,1,skip
¾ lb currants,1,skip
½ lb sultanas,1,skip
½ lb white granulated sugar,1,skip
¾ lb shredded suet,1,skip
½ lb breadcrumbs,1,skip
¼ lb crystallised peel,1,skip
⅓ pint milk,1,skip
juice and rind of 1 lemon,1,skip
⅓ nutmeg pod,1,skip
average-size onions,1,skip
pint wine,1,skip
pint cider,1,skip
pie dough,1,skip
lbs bread flour,1,skip
½ oz salt,1,skip
lbs cold water,1,skip
lbs room temp butter,1,skip
bread flour,1,skip
green wheat,1,skip
soaked chickpeas,1,skip
argentinian chorizo sausages,1,skip
crusty bread rolls,1,skip
chimichurri sauce for serving,1,skip
½ ea. lime,1,skip
or thyme,1,skip
olive oil for sautéing,1,skip
–2 split green chillies,1,skip
white or savoy shredded cabbage,1,skip
leeks or 1 bunch of spring onion tops,1,skip
mature gouda cheese,1,skip
of coriander leaf,1,skip
or so green chillies,1,skip
cumin seeds or cumin,1,skip
juice of ½ lemon or lime,1,skip
coconuts,1,skip
½ cup of white granulated sugar,1,skip
–4 pound cakes cut in ½-inch slices,1,skip
bottle of moscatel wine,1,skip
mayonnaise or 2 dl olive oil,1,skip
¼&ndash,1,skip
head white cabbage,1,skip
–2 pandan leaves tied in a knot,1,skip
of ginger root,1,skip
salt cod,1,skip
½ cup milk or heavy cream,1,skip
⅓ cup madeira,1,skip
good cola,1,skip
each boneless skinless chicken breasts and chicken drumsticks,1,skip
¼ cup barbecue chicken rub,1,skip
cola bbq sauce,1,skip
½ cup cognac,1,skip
½ pound red-skinned potatoes,1,skip
¾ cup strong coffee,1,skip
ea. chicken thighs and drumsticks,1,skip
bottles pinot noir red wine,1,skip
salt pork or slab bacon,1,skip
–30 pearl onions,1,skip
sweetened shredded coconut,1,skip
¼ head napa cabbage,1,skip
¼ head red cabbage,1,skip
½ tsp - celery seed,1,skip
dry mustard powder,1,skip
sausages,1,skip
chicken stock or water,1,skip
¼ l of chilean brandy,1,skip
spoonfuls coffee,1,skip
spoonfuls sugar,1,skip
½ cup coconut milk,1,skip
reduced-sodium soy sauce,1,skip
ea. cod fillets,1,skip
coconut flakes,1,skip
tender coconuts,1,skip
tender coconut water,1,skip
¼ cup china grass strands,1,skip
½ cup condensed milk,1,skip
castor sugar,1,skip
about 6 glacé cherries,1,skip
drops pink food colouring,1,skip
fat bacon,1,skip
cubed cooked beef,1,skip
cornmeal mush,1,skip
¼ cup pecans,1,skip
makrut lime leaves,1,skip
powdered nutmeg,1,skip
½ tsp powdered citric acid,1,skip
veal slices,1,skip
ham slices,1,skip
of lemon,1,skip
meat drippings,1,skip
uncooked white long-grain rice,1,skip
red shallots,1,skip
pinpoint of fenugreek seed,1,skip
pandan leaves,1,skip
black mustard seed,1,skip
½ cup /frozen coconut or dry coconut flakes,1,skip
dry red chiles,1,skip
chana dhal,1,skip
cashews,1,skip
–7 cups of cooked,1,skip
butter or drippings,1,skip
equal amounts of cooked potato and cabbage,1,skip
thick slices pancetta,1,skip
strip of pork belly fat,1,skip
measures of brandy,1,skip
bottle red burgundy wine,1,skip
selection of wild mushrooms,1,skip
pickling onions,1,skip
½ tsp asafoetida,1,skip
milliliters thick coconut milk,1,skip
½ teaspoon jasmine water,1,skip
cassava flour,1,skip
150+ proof unflavored spirit or a mixture of 10 tsp water with 2 tsp gum arabic,1,skip
drops neroli oil,1,skip
drops caramel color,1,skip
drops tea extract or a mixture of 2 parts water to 1 part matcha,1,skip
drops vanilla extract,1,skip
¼ tsp citric acid,1,skip
¾ tsp 150+ proof unflavored food-grade spirit or a mixture of ½ tsp water with ¼ tsp food-grade gum arabic,1,skip
drop petit grain,1,skip
drops coriander oil,1,skip
¼ tsp phosphoric acid,1,skip
¾ tsp caramel color,1,skip
¾ tsp strained lime juice,1,skip
fl oz water,1,skip
drop fenchol,1,skip
drops cassia oil,1,skip
drops tea tree oil,1,skip
drops lime oil,1,skip
150+ proof unflavored spirit or a mixture of 25 ml water with 25 ml gum arabic,1,skip
wine tannins,1,skip
caffeine,1,skip
or 2 drops vanilla extract,1,skip
or 2 drops 5% vinegar,1,skip
or 9 drops 85% phosphoric acid,1,skip
glycerin,1,skip
or 64 drops caramel color,1,skip
½ tsp cocktail bitters,1,skip
½ tsp powdered nutmeg,1,skip
½ in. wide strip of orange peel cut around the fruit's circumference,1,skip
coconut sugar,1,skip
mexican seasoning or chili powder,1,skip
wonton wrappers or 24 egg roll wrappers,1,skip
sweet and sour sauce,1,skip
corn on the cob,1,skip
corn off the cob,1,skip
plus 1 tbsp bleached all-purpose flour,1,skip
plus 4 tsp white granulated sugar,1,skip
–⅓ cups yogurt or sour cream,1,skip
¾ teaspoon baking soda,1,skip
cranberry sauce,1,skip
corn flour for arepas,1,skip
white cheese,1,skip
cool water,1,skip
¼ cup cornmeal,1,skip
mixture of milk and orange juice is ideal),1,skip
duck stock,1,skip
duck egg yolks,1,skip
milk or half and half,1,skip
½ cup duck meat,1,skip
½ tsp thyme,1,skip
quart corn kernels,1,skip
½ cup sea kelp,1,skip
milk or cream,1,skip
green or red bell pepper,1,skip
ea. egg,1,skip
½ of a can corn kernels,1,skip
¼ ea. onion,1,skip
½ can corn,1,skip
⅔ cup corn meal,1,skip
–10 hot dogs,1,skip
canned chicken broth,1,skip
dill seeds,1,skip
¼ cup light cream or milk,1,skip
¾ cup all-purpose bleached flour,1,skip
½ cup fine yellow corn meal,1,skip
dry sherry,1,skip
package frozen corn,1,skip
⅓ cup bottled italian dressing,1,skip
corn muffin,1,skip
softened cream cheese,1,skip
⅛ teaspoon peppermint flavouring,1,skip
light cream,1,skip
firm,1,skip
red or green chilli pepper,1,skip
cilantro or mint,1,skip
⅛ tsp cayenne pepper,1,skip
–3 tbsp orange juice,1,skip
½ cup - onion,1,skip
¼ cup - celery,1,skip
¼ cup bread crumbs,1,skip
tin of corned beef,1,skip
knob butter,1,skip
apricot halves,1,skip
watercress to garnish,1,skip
½ gallon water,1,skip
dill weed,1,skip
purged live craw/crayfish,1,skip
big red chilli,1,skip
crab,1,skip
plate cooked rice,1,skip
⅔ cup breadcrumbs,1,skip
¼ cup unsalted melted butter,1,skip
milk or white stock,1,skip
béchamel sauce louisiannaise,1,skip
bunch green onions,1,skip
jumbo or regular-size white lump crab meat,1,skip
imitation crab meat,1,skip
canned kernel sweet corn,1,skip
–2 green onions,1,skip
firm sourdough,1,skip
morel mushrooms,1,skip
bacon grease,1,skip
white chocolate chips,1,skip
marshmallow creme,1,skip
cranberries,1,skip
canned chickpeas,1,skip
couscous,1,skip
block-style cream cheese,1,skip
clear soup,1,skip
½ pound lean veal,1,skip
cooked ham,1,skip
of nutmeg,1,skip
french bread rolls,1,skip
hot house cucumbers,1,skip
⅔ cup packed light brown sugar,1,skip
⅔ cup molasses,1,skip
⅔ cup butter,1,skip
⅓ cup italian dressing,1,skip
–2 cups bread crumbs,1,skip
white wine vinegar or cider vinegar,1,skip
organic or unwaxed oranges,1,skip
½ cup quick-cooking tapioca,1,skip
clove or ½ tsp cloves,1,skip
green pepper,1,skip
½ cup pimento-stuffed green olives,1,skip
to 5 tablespoons butter,1,skip
can evaporated milk,1,skip
several tomatoes,1,skip
or more jalapeño chiles or serrano chiles,1,skip
–2 tsp vanilla extract,1,skip
flavoring,1,skip
⅔ cup all-purpose flour,1,skip
boiling milk,1,skip
pint crème pâtissière,1,skip
drops lemon juice,1,skip
superfine sugar or granulated sugar,1,skip
½ cup italian breadcrumbs,1,skip
low-fat butter,1,skip
fluid oz crème fraîche,1,skip
pickling cucumber,1,skip
head onion,1,skip
½ tsp salt or,1,skip
¾ cup maple syrup,1,skip
racks of lamb,1,skip
red-skinned or russet potatoes,1,skip
or frozen tilapia fillets,1,skip
ea. 3-inch ciabatta buns,1,skip
quarts peanut,1,skip
jalapeño,1,skip
¼ dill pickle,1,skip
arugula,1,skip
ea. boneless skinless chicken breasts,1,skip
½ cup garlic-flavored croûtons,1,skip
½ tsp - cumin,1,skip
¾ cup monterrey jack cheese,1,skip
shrimp with tails,1,skip
⅓ cup melted unsalted butter,1,skip
⅓ cup hot sauce,1,skip
quarts peanut oil,1,skip
ea. skinless wild salmon fillets,1,skip
squid tubes and tentacles,1,skip
iced lemon juice,1,skip
quarts peanut or safflower oil,1,skip
ea. pickling cucumber,1,skip
–4 ea. radishes,1,skip
ea. green onion,1,skip
–2 tsp sour cream,1,skip
carton of plain yogurt,1,skip
loaf cuban bread,1,skip
regular prepared mustard,1,skip
dill pickles,1,skip
boiled ham or virginia ham,1,skip
roast pork,1,skip
genoa salami,1,skip
imported swiss cheese,1,skip
ham croquetas,1,skip
kernel sweet corn,1,skip
serving uncooked pasta,1,skip
white button mushroom,1,skip
¼ cup low-sodium chicken bone broth,1,skip
parsley for garnishing,1,skip
½ cup granulated white sugar,1,skip
flavorings,1,skip
sifted all purpose flour,1,skip
thin icing made from confectioners' sugar,1,skip
cornstarch or potato starch,1,skip
¼ cups olive oil,1,skip
–6 leaves basil,1,skip
several cranks of black pepper,1,skip
olive oil or neutral cooking oil,1,skip
leaves sage,1,skip
or tomatoes,1,skip
of red pepper,1,skip
–20 leaves of basil,1,skip
uncooked brown rice or white rice,1,skip
vegetarian or chicken bouillon cubes,1,skip
mars bar or 1 milky way bar,1,skip
enough oil to fill the pot or fryer you are using,1,skip
⅓ teaspoon baking powder,1,skip
soft butter,1,skip
cut-up dates,1,skip
quick-cooking oatmeal,1,skip
wheat bread,1,skip
alfalfa sprouts,1,skip
romaine lettuce leaf,1,skip
pepperoncini,1,skip
½ avocado,1,skip
cup self-raising flour,1,skip
generous pinch salt,1,skip
scant ¼ cup water,1,skip
–17 long green peppers,1,skip
–7 indian green chiles,1,skip
oil to deep fry,1,skip
½ kg kadalai paruppu,1,skip
½ kg vellam,1,skip
elackai,1,skip
½ kg maida mavu,1,skip
lbs red cabbage,1,skip
white cumin,1,skip
desiccated coconut powder,1,skip
½ kg green chiles,1,skip
–7 curry leaves,1,skip
½ cup tamarind juice,1,skip
sized bainganas,1,skip
indian red chiles,1,skip
olive oil for frying,1,skip
olive oil or other vegetable oil,1,skip
piece ginger,1,skip
–3 tablespoons butter chicken masala powder,1,skip
½ teaspoon garlic salt,1,skip
⅓ cup canned mushrooms,1,skip
split hamburger buns,1,skip
japanese sweet potatoes,1,skip
spoon of feta cheese,1,skip
–6 black olives,1,skip
spoons of olive oil,1,skip
smoked haddock,1,skip
pints milk,1,skip
mashed potato,1,skip
anko filling,1,skip
~½ cup potato starch,1,skip
⅓ cup kidney beans,1,skip
–6 cups water,1,skip
–4 tbsp ghee or oil,1,skip
pinch of hing powder,1,skip
½ cinnamon stick,1,skip
besan or gram flour,1,skip
green gram flour,1,skip
½ cup peanuts,1,skip
canola oil or vegetable oil,1,skip
¼ tsp seasoned salt,1,skip
+ handfuls of pretzels,1,skip
sukiyaki beef,1,skip
rice rava,1,skip
⅓ cup wheat flour,1,skip
green chilli-ginger paste,1,skip
of split pigeon peas,1,skip
magadi,1,skip
cucumbers,1,skip
additional seasoning as you may desire,1,skip
instant coffee,1,skip
white,1,skip
dry yeast,1,skip
thick custard,1,skip
horseradish,1,skip
vinegar or lime juice,1,skip
fatty pork,1,skip
quart mashed potatoes,1,skip
sea biscuit,1,skip
summer savory,1,skip
½ bottle mushroom catsup,1,skip
bottle port or claret,1,skip
¼ nutmeg pod,1,skip
sea bass or cod,1,skip
oysters,1,skip
slices lemon,1,skip
¼ teaspoon cumin,1,skip
¼ teaspoon coriander,1,skip
¼ teaspoon garlic powder,1,skip
¼ teaspoon onion powder,1,skip
maize flour,1,skip
½ teaspoon potash,1,skip
wheat flour or guinea corn flour,1,skip
baobab leaf flour,1,skip
vegetable oil or palm oil,1,skip
shredded cabbage or yaji,1,skip
½ cup red bell peppers,1,skip
½ cup green bell peppers,1,skip
½ cup cooked ham,1,skip
drops of your favorite hot sauce,1,skip
½ cup reduced-fat sour cream,1,skip
¾ tsp garlic powder,1,skip
¾ tsp dill weed,1,skip
¼ cup paprika,1,skip
¼ cup light brown sugar,1,skip
½ tsp cumin,1,skip
moist sugar,1,skip
ea. duck leg portions with thighs attached,1,skip
plus ⅛ teaspoon salt,1,skip
½ teaspoon - black pepper,1,skip
½ teaspoon table salt,1,skip
can or pineapple,1,skip
⅔ cup butter or butter substitute,1,skip
½-inch cubed boneless pork butt with fat,1,skip
lard or peanut oil,1,skip
½ cup vinegar mixed with 1 cup water and 1 tablespoon salt,1,skip
sized yellow onion,1,skip
pork blood,1,skip
hot jalapeño peppers,1,skip
–8 red chillis,1,skip
lean meat,1,skip
unripe green papaya,1,skip
coal,1,skip
green coriander,1,skip
cold milk,1,skip
pkgs. vanilla instant pudding,1,skip
tub frozen whipped topping,1,skip
pkg chocolate sandwich cookies,1,skip
leftover bones from roast duck,1,skip
pan drippings,1,skip
duck giblets,1,skip
½ tsp vinegar,1,skip
chicken fat,1,skip
½ lb chicken gizzards,1,skip
¼ lb pork,1,skip
½ teaspoon thyme,1,skip
½ ea. green bell pepper,1,skip
½ lb chicken livers,1,skip
tbsps of mayonnaise or creamy salad dressing,1,skip
of granulated sugar,1,skip
of mustard,1,skip
of vinegar,1,skip
⅓ cup unsalted butter,1,skip
package dark or bittersweet chocolate chips,1,skip
¾ cups all purpose flour,1,skip
beaten egg,1,skip
about 1 cup all-purpose flour,1,skip
&frac34,1,skip
cornus alba fruits or pre-prepared herbatka podlaska dereniówka,1,skip
vodka,1,skip
sauce espagnole,1,skip
brown stock,1,skip
¼ cup madeira or sherry,1,skip
duck meat,1,skip
habanero,1,skip
thick-cut ribeye steaks,1,skip
worcestershire sauce in a spray bottle,1,skip
prime grade standing rib roast,1,skip
jumbo,1,skip
ea. new york strip steaks,1,skip
of spinach,1,skip
of dill,1,skip
of coriander,1,skip
of mint,1,skip
boiled peas,1,skip
black eyed peas,1,skip
lamb steaks,1,skip
dill salt or herbes de provence,1,skip
baby bella mushrooms,1,skip
herbs and spices,1,skip
hamburger bun per burger,1,skip
overripe plantain,1,skip
½ cup split and husked urad dal,1,skip
oil for cooking dosa,1,skip
onion powder or garlic powder,1,skip
spoon cornstarch,1,skip
½ spoon salt,1,skip
corn husks or plantain leaves,1,skip
natural,1,skip
sized carrots,1,skip
squeezed juice from 1 lemon,1,skip
water or chicken broth,1,skip
shredded injera,1,skip
¼ cup white vinegar or lemon juice,1,skip
lamb or goat meat,1,skip
french fries or bread,1,skip
or dark red kidney beans,1,skip
½–1 lb cooked beef,1,skip
–8 eggs,1,skip
ham,1,skip
velveeta cheese,1,skip
dash each of red pepper,1,skip
sized green chile peppers,1,skip
¼ teaspoon spice blend,1,skip
eel,1,skip
chablis wine,1,skip
a medley of vegetables,1,skip
kashkaval cheese,1,skip
sirene or feta cheese,1,skip
½ cup soda water,1,skip
package active dry yeast,1,skip
scalded milk,1,skip
canola oil or shortening for frying,1,skip
frozen spinach,1,skip
spicy chicken sausage,1,skip
acini di pepe,1,skip
can frozen orange juice,1,skip
coconut flesh,1,skip
arrowroot flour,1,skip
durian,1,skip
coconut cream,1,skip
palm sugar caramel,1,skip
passion fruit ice cream,1,skip
⅓ cup canned green chiles,1,skip
cups whipping cream,1,skip
¼ cup orange juice,1,skip
pig,1,skip
charcoal,1,skip
your favorite vinegar-based eastern nc sauce,1,skip
additional ingredients,1,skip
¾ gallons apple cider vinegar,1,skip
⅛ cup salt,1,skip
¼ cup black pepper,1,skip
¼ cup red pepper flakes,1,skip
soda crackers,1,skip
dash of pepper,1,skip
jam or jelly,1,skip
–1½ cups canned french-fried onions,1,skip
ea. boneless,1,skip
black rye bread,1,skip
sweetened condensed milk,1,skip
can pork and beans,1,skip
lima beans,1,skip
butter beans,1,skip
½ cup ketchup,1,skip
liquid smoke,1,skip
green chiles,1,skip
¼ teaspoon cinnamon powder,1,skip
¼ teaspoon clove powder,1,skip
½ pound mushrooms or mushroom stems,1,skip
onion or 1–2 shallots,1,skip
tarragon or thyme,1,skip
and deveined jumbo shrimp,1,skip
quarts neutral oil,1,skip
>½ liter per person of boiling water,1,skip
per liter of water of loose black tea leaves,1,skip
per person of rock sugar,1,skip
per serving of cream,1,skip
dark cooking chocolate,1,skip
–2 cups cabbage,1,skip
red pepper paste,1,skip
–2 tbsp olive oil,1,skip
around ⅛–¼ cup water,1,skip
tbsp peanut butter,1,skip
–10 slices of sucuk,1,skip
tabasco,1,skip
a little butter,1,skip
cocoyam tubers,1,skip
moi-moi leaves,1,skip
½ cup wine,1,skip
extra flour for kneading,1,skip
–6 tablespoons water,1,skip
–2 teaspoons olive oil,1,skip
–2 teaspoon olive oil,1,skip
powdered pepper,1,skip
½ tsp garlic paste,1,skip
soft light brown sugar,1,skip
½ lb english beans,1,skip
about ¼ pint olive oil,1,skip
strong-flavoured herba,1,skip
eggplant or 2 italian eggplants,1,skip
–8 mushrooms,1,skip
–3 cups broccoli,1,skip
–12 basil leaves,1,skip
tins of tomatoes,1,skip
italian herbs mixture,1,skip
–4 big eggplants,1,skip
–300 grams of mozzarella cheese,1,skip
flour or breadcrumbs,1,skip
pepper or other spices,1,skip
–3 tablespoons tahini,1,skip
–2 lemons,1,skip
of onion,1,skip
blade of mace,1,skip
of demi-sel cheese,1,skip
prawns/shrimp,1,skip
½ bunch of watercress,1,skip
pallares,1,skip
–3 teaspoons white vinegar,1,skip
spoonful dijon mustard,1,skip
sprigs of parsley,1,skip
cooking tomatoes,1,skip
cows' milk mozzarella cheese,1,skip
½ or 1 onion,1,skip
parmesan or grana padano cheese,1,skip
green split peas,1,skip
streaky pork belly bacon,1,skip
pork belly slices,1,skip
dutch smoked sausage,1,skip
leek,1,skip
½ celeriac,1,skip
ancho chilies,1,skip
–2 cups boiling water,1,skip
½ tsp epazote,1,skip
cream or half-and-half,1,skip
chorizo sausages,1,skip
crumbled queso blanco or - parmesan cheese,1,skip
tortillas,1,skip
baking apple,1,skip
¼ tsp cinnamon,1,skip
½ pound red lentils,1,skip
salt or 4 tablespoons of soup mix,1,skip
roma tomato,1,skip
½ cup frozen peas,1,skip
quart water,1,skip
chicken boullion cubes,1,skip
yellow chile pepper,1,skip
½–¾ cup mayonnaise,1,skip
can english peas,1,skip
–2 tbsp mayonnaise,1,skip
–2 tbsp white or yellow onion,1,skip
hard-boiled egg with yolk,1,skip
parsley for presentation,1,skip
split yellow swedish peas,1,skip
–3 lb smoked pork butt,1,skip
of silk nog,1,skip
pint of soy dream vanilla ice cream,1,skip
sweetfish,1,skip
doenjang,1,skip
gochujang,1,skip
water celery greens,1,skip
crown daisy greens,1,skip
perilla leaves,1,skip
bottle white wine,1,skip
of vanilla sugar,1,skip
of cinnamon,1,skip
strong brewed tea,1,skip
lemon or lemon juice,1,skip
gallons unpasteurized cow's milk,1,skip
commercial rennet,1,skip
¼ cup lukewarm water,1,skip
–3 tbsp salt,1,skip
currants,1,skip
suet or butter,1,skip
¾ cup dutch-processed cocoa powder,1,skip
¾ cup instant espresso powder,1,skip
brown roux,1,skip
quarts brown stock,1,skip
mirepoix,1,skip
slices of veal,1,skip
mushroom trimmings,1,skip
turnip,1,skip
each of thyme,1,skip
¼ pint stock,1,skip
sized hollow dark chocolate easter egg,1,skip
⅓ cup heavy cream,1,skip
raspberry jam,1,skip
¾ cup reduced-fat soft cheese,1,skip
meringue nest,1,skip
strawberry-infused apple pieces or freeze- strawberries,1,skip
red lentils,1,skip
½ cup 1–2 inch-long vermicelli noodles,1,skip
water or vegetable broth,1,skip
tomato purée or tomatoes,1,skip
pigeons,1,skip
jar of grape leaves in brine,1,skip
vegetable or fish stock,1,skip
fish fillets,1,skip
sized eggplants,1,skip
olive oil for drizzling,1,skip
¼ cup cornstarch,1,skip
rosewater,1,skip
pistachios or almonds,1,skip
ea. leg of lamb,1,skip
head of cabbage,1,skip
bitterleaf,1,skip
zucchini or squash,1,skip
inch piece of ginger,1,skip
½ teaspoon chile powder,1,skip
cocoyams,1,skip
dry fish,1,skip
stockfish,1,skip
periwinkle,1,skip
fiddleheads,1,skip
portobello mushroom cap,1,skip
oil-packed sun- tomatoes,1,skip
½ box of linguine,1,skip
toasted pine nuts,1,skip
shredded seaweed,1,skip
very cloves garlic,1,skip
½ cup dark chinese soy sauce,1,skip
extra boiling water,1,skip
lbs pinto beans,1,skip
lbs sausage of your choice,1,skip
yellow onions,1,skip
½ pound slab bacon,1,skip
collard greens,1,skip
½ cup vegetable oil for frying,1,skip
gluten flour,1,skip
spiced falafel mix,1,skip
–3 bottles of dry red wine,1,skip
rum,1,skip
gingerbread spices,1,skip
zuckerhut,1,skip
packaged dry buttermilk salad dressing and seasoning mix,1,skip
red pepper sauce,1,skip
½ cup - red onion,1,skip
½ cup low-fat sour cream,1,skip
thin wheat crackers,1,skip
for dipping: bell pepper strips cut ½ inch wide,1,skip
parts by weight of self raising flour,1,skip
parts by weight of raisins,1,skip
part by weight of a 50/50 mix of suet and other fat,1,skip
water or milk,1,skip
of salmon,1,skip
of smoked haddock,1,skip
¼ pt single cream,1,skip
ementhaler or appenzeller cheese,1,skip
package macaroni,1,skip
½ pound cheddar cheese,1,skip
½ teaspoon dry mustard,1,skip
cream of celery soup,1,skip
salmon,1,skip
bag frozen peas,1,skip
½ cup vegetable shortening,1,skip
rum extract,1,skip
peel of 1 lemon and 1 orange,1,skip
strip of bacon,1,skip
of hard sauce,1,skip
fish trimmings,1,skip
¾ cup celery with leaves,1,skip
⅓ cup leeks or green onions including green part,1,skip
¼ cup firecracker rub,1,skip
several drops liquid smoke,1,skip
cod,1,skip
neutral oil for deep frying,1,skip
juice of 2 lemons,1,skip
–1½ tsp cayenne pepper,1,skip
live littleneck or mahogany clams,1,skip
generous pinch of saffron or yellow food coloring,1,skip
a loaf of crusty bread,1,skip
generous tbsp wheat flour,1,skip
jalapeño peppers,1,skip
unsalted tomato paste,1,skip
⅓ cup lemon juice,1,skip
sumac powder,1,skip
¼ cup flat-leaf parsley,1,skip
purslane,1,skip
½ package arugula,1,skip
pita rounds,1,skip
½ cup and roasted chanterelles,1,skip
½ cup low-fat cheddar cheese,1,skip
½ cup fireweed blossoms,1,skip
granulated or superfine sugar,1,skip
½ green pepper,1,skip
sized cherry tomatoes,1,skip
–6 pieces of pita bread or egyptian flatbread,1,skip
cooked lamb or beef,1,skip
parsley and mint leaves,1,skip
all-purpose flour or semovita,1,skip
vanilla flavor,1,skip
–5 cloves of garlic,1,skip
–3 hot chile peppers,1,skip
½ cup potash water,1,skip
–2 green chiles,1,skip
–6 pieces of leftover injera,1,skip
chilled water,1,skip
additional flour for dusting,1,skip
canned hot dogs,1,skip
pork mince,1,skip
banana ketchup,1,skip
½ cup chicken stock,1,skip
pieces of processed fatty meat,1,skip
manioc flour or premade farofa mix,1,skip
–2 tbsp tempero baiano,1,skip
–3 pieces of beef,1,skip
–3 stock cubes,1,skip
ewedu leaves,1,skip
–2 red bell peppers,1,skip
–2 tablespoons pepper or pepper,1,skip
–2 scotch bonnet chiles or chile powder,1,skip
–2 tablespoons groundnut oil or palm oil,1,skip
bunch of leafy greens,1,skip
–2 seasoning cubes,1,skip
⅛ tsp champagne yeast or 2 tsp kefir grains,1,skip
½ tbsp soda extract,1,skip
broad beans,1,skip
egg pasta,1,skip
about 10–15 tomatoes or 4–5 larger tomatoes,1,skip
a good handful of basil leaves,1,skip
–2 spoons of instant coffee,1,skip
tall glass of cold water,1,skip
–3 spoons of sugar,1,skip
–5 ice cubes,1,skip
⅔ cup ketchup,1,skip
½ cup white wine vinegar,1,skip
¼ cup onion,1,skip
oil and butter,1,skip
long loaf of crusty french bread,1,skip
roma tomatoes,1,skip
cooking apples,1,skip
butter plus butter for greasing a baking dish,1,skip
white sugar for decoration,1,skip
¼ pint water,1,skip
squeeze of lemon juice,1,skip
⅓ cup balsamic vinegar,1,skip
⅓ cup tamari sauce,1,skip
⅓ cup worcestershire sauce,1,skip
–75 g light brown sugar,1,skip
porridge oats,1,skip
lbs beef,1,skip
yellow or spanish onion,1,skip
syrup,1,skip
quick rolled oats,1,skip
focaccia genovese dough,1,skip
sweet and sour onion marmalade,1,skip
¼ pounds blue cheese,1,skip
florida bay seasoning,1,skip
½ tablespoon dijon mustard,1,skip
¼ teaspoon cayenne,1,skip
juice of ½ lime,1,skip
⅓ cup italian bread crumbs,1,skip
lump crab meat,1,skip
parts vodka,1,skip
part pineapple juice,1,skip
part chambord,1,skip
milk or buttermilk plus ⅛ tsp baking soda,1,skip
blue cheese,1,skip
¾ cup unsalted butter,1,skip
¾ cup chocolate,1,skip
rounded cups onion,1,skip
a knob of butter,1,skip
of stale french bread,1,skip
red port wine,1,skip
gruyère cheese,1,skip
white granulated sugar or 10 tablespoons fructose,1,skip
puff pastry,1,skip
loaf french white bread,1,skip
jar of smooth peanut butter,1,skip
jar of grape jelly or jam,1,skip
panko or fine dry breadcrumbs,1,skip
english muffins,1,skip
¼ tsp cream of tartar or a few drops lemon juice,1,skip
superfine sugar or sifted confectioners' sugar,1,skip
niter kibbeh or regular butter,1,skip
jalapeño pepper,1,skip
of leftover injera,1,skip
french-fried onions,1,skip
red cabbage,1,skip
thin slices of ham,1,skip
handful kale,1,skip
thin 8-cm -wide slices of gruyère cheese,1,skip
unsweetened baking chocolate,1,skip
oil with a high smoke point,1,skip
thin fish fillets,1,skip
beer or 1 cup cold water plus ½ teaspoon baking powder,1,skip
extra flour to dust the fish,1,skip
canned or frozen corn,1,skip
egg wash,1,skip
msg,1,skip
veal,1,skip
% by volume of bread crumbs,1,skip
cultured buttermilk or plain milk,1,skip
spices as desired,1,skip
⅔ cup hot water,1,skip
frozen bananas,1,skip
frozen strawberries,1,skip
fritos corn chips,1,skip
–6 green tomatoes,1,skip
yellow cornmeal,1,skip
jumbo hot dogs,1,skip
⅛ cup froot loops,1,skip
½ tsp active dry yeast or 1 tsp baking soda,1,skip
margarine or butter,1,skip
spoonful sugar,1,skip
quarts pineapple-orange-guava juice,1,skip
fruity white wine,1,skip
¼ cup orange-flavored liqueur,1,skip
package acini di pepe pasta,1,skip
tub imitation whipped topping,1,skip
½ package miniature marshmallows,1,skip
huge onions,1,skip
beer batter,1,skip
seasoned flour,1,skip
sour cream chili sauce,1,skip
red or cargamanto beans,1,skip
chicken broth cube,1,skip
½ lb flank steak,1,skip
lbs potatoes,1,skip
½ quart vegetable oil,1,skip
lbs chicken,1,skip
cooked lean beef or 200 g corned beef,1,skip
packs carrots,1,skip
pack bean sprouts,1,skip
pack broccoli florets,1,skip
pack mushrooms,1,skip
½ pack cabbage,1,skip
corn oil,1,skip
¼ big onion,1,skip
vegetarian oyster sauce substitute,1,skip
lily bulbs,1,skip
pastry dough wrappers,1,skip
pineapple pieces,1,skip
cherries,1,skip
seedless grapes,1,skip
red apple,1,skip
nectarine,1,skip
passion fruits,1,skip
container of strawberries,1,skip
fanta orange soda,1,skip
seasoning salt or table salt,1,skip
hot tap water,1,skip
beef bottom round,1,skip
japanese pumpkin,1,skip
pork or chicken,1,skip
½ tsp fish sauce,1,skip
¼ tsp sugar,1,skip
–2 tbsp spring onions,1,skip
oil or butter,1,skip
/fair sized potatoes,1,skip
of olive oil or,1,skip
of parsley or oregano,1,skip
unripe plantain,1,skip
peach,1,skip
watermelon,1,skip
pear,1,skip
cipollini or yellow onions,1,skip
recipe of home-made frito pie chili,1,skip
bag fritos corn chips,1,skip
&#xbd,1,skip
jar of jalapeños,1,skip
fava beans,1,skip
smoked catfish,1,skip
habanero chile pepper,1,skip
bouillon powder,1,skip
½ tsp sugar,1,skip
brown bread,1,skip
long slices extra mature cheddar cheese,1,skip
¾ tsp seasoned salt,1,skip
fettuccine or angel hair pasta,1,skip
strip lemon peel,1,skip
pork broth,1,skip
black chanterelle mushrooms,1,skip
¼ cup rice wine vinegar,1,skip
¼ teaspoon hot-pepper flakes,1,skip
boneless pork chops,1,skip
½ cup cashew nuts,1,skip
cinnamon powder,1,skip
baguette bread,1,skip
saffron or annatto,1,skip
fish stock,1,skip
–6 cloves of garlic,1,skip
sweet spanish paprika,1,skip
–3 oz dry sherry,1,skip
¼ cup virgin olive oil,1,skip
lbs red potatoes,1,skip
coarse prepared mustard,1,skip
¼ lb uncooked bacon,1,skip
soft baguette or french bread loaf,1,skip
garbanzo beans,1,skip
heaping cups onion,1,skip
or garlic,1,skip
waxy potato,1,skip
–2 threads saffron,1,skip
½ cup green peas,1,skip
black pepper and cayenne pepper,1,skip
low-fat beef,1,skip
anchovy fillets,1,skip
¼ bottle of riesling white wine,1,skip
fl oz crème fraîche,1,skip
–3 slices of brown bread or a roll,1,skip
½ tablespoon olive oil,1,skip
flour mixed with water to form a paste,1,skip
½ pound new or boiling potatoes,1,skip
smoked sweet paprika,1,skip
¼ cup sherry,1,skip
cooked chickpeas,1,skip
tomatoes plus their liquid,1,skip
vegetable stock or water,1,skip
hot cooked rice,1,skip
bulgur or cracked wheat,1,skip
¼ tsp dillweed,1,skip
¼ tsp oregano,1,skip
⅓ cup -squeezed lemon juice,1,skip
asparagus,1,skip
jumbo shrimp,1,skip
½ shallot,1,skip
ea. halibut fillets,1,skip
¾ cup chicken broth,1,skip
strip of lemon peel,1,skip
¾ cup shortening,1,skip
package gluten-free all-purpose baking mix,1,skip
nigerian smoked titus fish,1,skip
chilli pepper,1,skip
thai basil leaves,1,skip
intestines of fish,1,skip
–5 onions,1,skip
thyme leaves,1,skip
chicken or fish,1,skip
mixed leafy greens,1,skip
palm oil or vegetable oil,1,skip
beef or chicken,1,skip
beef or chicken broth,1,skip
–3 lemons,1,skip
–4 tablespoons olive oil,1,skip
baobab fruit pulp,1,skip
evaporated milk or condensed milk,1,skip
½ teaspoon vitamin c powder,1,skip
roasted barley flour,1,skip
mitmita spice or berbere spice,1,skip
nigella seeds or cinnamon,1,skip
½-inches bread cubes from good-quality french or italian loaf,1,skip
⅛ teaspoon garlic powder,1,skip
stale loaf italian bread,1,skip
mutton shoulder,1,skip
white cabbage,1,skip
dl water,1,skip
gravy beef,1,skip
mutton scrag,1,skip
veal scrag,1,skip
gallons water,1,skip
pairs of giblets,1,skip
pennyroyal,1,skip
sweet marjoram,1,skip
madeira wine,1,skip
drops tabasco sauce,1,skip
bacon strips,1,skip
very fine cracker crumbs or dust,1,skip
powdered sweet paprika,1,skip
powdered hot paprika,1,skip
½ cup tomato puree,1,skip
beef stock or 2 stock cubes dissolved in 1 l of water,1,skip
solid vegetable shortening,1,skip
½ tsp distilled white vinegar,1,skip
dark molasses,1,skip
a little allspice,1,skip
a little black pepper,1,skip
–12 cups all-purpose flour,1,skip
½ cup maple-flavored syrup,1,skip
pecan halves,1,skip
yellow pickled daikon radish,1,skip
steamed short-grain or sushi rice,1,skip
gim seaweed,1,skip
tuna,1,skip
–300 grams ginger root,1,skip
fermentation starter,1,skip
–10 crackers,1,skip
goat cheese,1,skip
package boursin brand cheese,1,skip
about 1 cup bread crumbs,1,skip
flourless cooking spray,1,skip
¾ cup tightly packed dark brown sugar,1,skip
½ cup honey,1,skip
royal icing,1,skip
½ cup - crystallized ginger,1,skip
¼ cup crystallized ginger,1,skip
peach preserves,1,skip
city-style ham,1,skip
day-old cooked white rice,1,skip
½ cup gin,1,skip
plus ¾ tsp red pepper flakes,1,skip
coffee beans,1,skip
cottonseeds,1,skip
pistachio nuts,1,skip
beef or lamb which has some fat,1,skip
fried ghormeh sabzi herbs,1,skip
bag vital wheat gluten flour,1,skip
¾ teaspoons garlic powder,1,skip
bouillon cubes,1,skip
¾ teaspoons onion powder,1,skip
box of yellow cake mix,1,skip
confectioners sugar,1,skip
macaroni,1,skip
hot dogs,1,skip
frozen green vegetables,1,skip
½–1 teaspoon salt,1,skip
sesame salt,1,skip
–150 g - onions,1,skip
–5 average-size tomatoes,1,skip
–4 pieces - green chiles,1,skip
sorghum flour,1,skip
–4 packages milk-flavored margarine,1,skip
packages unsalted butter,1,skip
½ cup semolina,1,skip
complete pancake mix,1,skip
goat milk,1,skip
½ cup powdered sugar,1,skip
size onion,1,skip
size bunch of spring onions,1,skip
size garlic cloves,1,skip
hot chiles,1,skip
vegetables such as tomatoes,1,skip
about 2 cups water,1,skip
bone-in chicken pieces,1,skip
kpakpo shito chile peppers,1,skip
½ cup unsweetened peanut butter,1,skip
bunch of collard greens,1,skip
squeezed juice from ½ lemon,1,skip
high-quality beef,1,skip
injera,1,skip
plantains,1,skip
½ cup or frozen ginger in ½ in dice,1,skip
full cream milk,1,skip
maize kernels or maize,1,skip
curry powder or turmeric,1,skip
imitation bacon bits,1,skip
salt or seasoning salt,1,skip
mild cheddar cheese,1,skip
sturdy low-moisture bread,1,skip
portobello mushroom per person,1,skip
salmon filet,1,skip
gin,1,skip
or white pepper,1,skip
–40 g dill,1,skip
½ cup soft butter or margarine,1,skip
⅓ cup corn syrup,1,skip
½ teaspoon vanilla,1,skip
uncooked oats,1,skip
green new mexican chiles,1,skip
canned corn,1,skip
canned french fried onions,1,skip
ea. aubergine,1,skip
miso paste,1,skip
soup stock,1,skip
white sesame seeds,1,skip
sized green mangoes,1,skip
level tablespoons rock salt,1,skip
level teaspoon roasted cumin seeds,1,skip
roasted chile,1,skip
handful of mint leaves,1,skip
raw bacon hock,1,skip
green food coloring,1,skip
blue food coloring,1,skip
red or white onions,1,skip
greek olives,1,skip
extra-virgin or virgin olive oil,1,skip
vinegar or lemon juice,1,skip
filet mignons,1,skip
cognac,1,skip
thick-cut pork rib chops,1,skip
ancho chile powder,1,skip
weak brewed coffee,1,skip
½ stick cinnamon,1,skip
thick-cut bone-in lamb loin chops,1,skip
spatchcocked cornish/rock game hens,1,skip
crystallized ginger,1,skip
½ cup panko breadcrumbs,1,skip
½ pound charcoal briquets,1,skip
soaked mesquite chips,1,skip
mint flakes,1,skip
ea. wild salmon fillets with skin on one side,1,skip
½ lime,1,skip
jalapeño chiles,1,skip
½ tsp coarse sea salt,1,skip
a flame-resistant towel tied with twine and soaked in neutral oil,1,skip
tightly-packed arugula,1,skip
shaved parmeggiano-reggiano cheese,1,skip
ea. skin-on coho salmon fillets,1,skip
a flame-resistant towel tied with twine and soaked in oil,1,skip
radicchio,1,skip
rendered bacon fat,1,skip
ea. 4-bone standing beef rib roast,1,skip
ea. 1 inch-thick tenderloin steaks,1,skip
⅔ cup untreated mesquite chips,1,skip
plain yogurt,1,skip
¼ ea. red onion,1,skip
yellow peaches,1,skip
¼ cup peach nectar,1,skip
crumbled feta cheese,1,skip
½ cup greek yogurt sauce,1,skip
½ cup oregano,1,skip
flour tortillas,1,skip
swiss chard or collard greens,1,skip
black grapes,1,skip
¼ cup nutritional yeast,1,skip
½ tsp red pepper,1,skip
mushroom,1,skip
½ cup castilla walnuts,1,skip
½ cup indian walnuts,1,skip
½ cup of almonds,1,skip
½ cup wheat germ,1,skip
½ cup blueberries,1,skip
grapefruits,1,skip
cooked asparagus tips,1,skip
crab meat seasoning,1,skip
salad oil,1,skip
legs of beef,1,skip
gravy spices,1,skip
spinach leaves,1,skip
